"time","ab"
2012-01-16,4233.91902513888
2012-01-17,4664.80395668327
2012-01-18,5054.41308417159
2012-01-19,5403.49085225753
2012-01-20,5712.79907003651
2012-01-21,5983.12053832741
2012-01-22,6215.26336460539
2012-01-23,6410.06600738332
2012-01-24,6568.40308141587
2012-01-25,6691.19194070504
2012-01-26,6779.4000373081
2012-01-27,6834.05302984181
2012-01-28,6856.24358588348
2012-01-29,6847.14078694415
2012-01-30,6808.00000334126
2012-01-31,6740.17305951977
2012-02-01,6645.11845905143
2012-02-02,6524.411384149
2012-02-03,6379.75312922464
2012-02-04,6212.97957471335
2012-02-05,6026.06825972232
2012-02-06,5821.14357441024
2012-02-07,5600.47957020861
2012-02-08,5366.49988319492
2012-02-09,5121.774288076
2012-02-10,4869.01145165526
2012-02-11,4611.04753839409
2012-02-12,4350.83043792201
2012-02-13,4091.3995338116
2012-02-14,3835.86111041549
2012-02-15,3587.35969270739
2012-02-16,3349.04582248988
2012-02-17,3124.04098006065
2012-02-18,2915.40054883742
2012-02-19,2726.07587644799
2012-02-20,2558.87659537592
2012-02-21,2416.43441799666
2012-02-22,2301.1696073554
2012-02-23,2215.26124403841
2012-02-24,2160.62226430377
2012-02-25,2138.88004411778
2012-02-26,2151.36306146364
2012-02-27,2199.09390222796
2012-02-28,2282.78860175715
2012-02-29,2402.86205322097
2012-03-01,2559.43898165271
2012-03-02,2752.36979195073
2012-03-03,2981.25045886694
2012-03-04,3245.44554098151
2012-03-05,3544.1133682224
2012-03-06,3876.23246907701
2012-03-07,4240.62836172997
2012-03-08,4635.99992355807
2012-03-09,5060.94466556025
2012-03-10,5513.98236243889
2012-03-11,5993.57661619097
2012-03-12,6498.15405370114
2012-03-13,7026.12097119833
2012-03-14,7575.87733659884
2012-03-15,8145.82814246709
2012-03-16,8734.39216681742
2012-03-17,9340.00824669322
2012-03-18,9961.13920172397
2012-03-19,10596.2735636353
2012-03-20,11243.9252752954
2012-03-21,11902.6315218457
2012-03-22,12570.9488493466
2012-03-23,13247.4477157059
2012-03-24,13930.7056069131
2012-03-25,14619.2988411588
2012-03-26,15311.7931766177
2012-03-27,16006.7333378287
2012-03-28,16702.631583044
2012-03-29,17397.9554530013
2012-03-30,18091.1148726493
2012-03-31,18780.4488237199
2012-04-01,19464.2118697241
2012-04-02,20140.5608974966
2012-04-03,20807.5425414314
2012-04-04,21463.0818771808
2012-04-05,22104.9731077341
2012-04-06,22730.8731102841
2012-04-07,23338.2988568968
2012-04-08,23924.6298505718
2012-04-09,24487.1168100993
2012-04-10,25022.897865901
2012-04-11,25529.0234639402
2012-04-12,26002.4909828065
2012-04-13,26440.2897194042
2012-04-14,26839.4563688815
2012-04-15,27197.1404084965
2012-04-16,27510.6779120353
2012-04-17,27777.6713228699
2012-04-18,27996.0716882384
2012-04-19,28164.2589278509
2012-04-20,28281.1150230474
2012-04-21,28346.084718172
2012-04-22,28359.2185482869
2012-04-23,28321.1938155268
2012-04-24,28233.3105167003
2012-04-25,28097.4610680214
2012-04-26,27916.0747806607
2012-04-27,27692.0401531298
2012-04-28,27428.6098865539
2012-04-29,27129.2948549179
2012-04-30,26797.7539135059
2012-05-01,26437.6863531277
2012-05-02,26052.7330662071
2012-05-03,25646.3912369322
2012-05-04,25221.9458107482
2012-05-05,24782.4193605505
2012-05-06,24330.5404443337
2012-05-07,23868.7292860226
2012-05-08,23399.0986887038
2012-05-09,22923.4675277598
2012-05-10,22443.3839422953
2012-05-11,21960.1553869914
2012-05-12,21474.8829487398
2012-05-13,20988.4976980174
2012-05-14,20501.797267794
2012-05-15,20015.481280643
2012-05-16,19530.1846409273
2012-05-17,19046.5080510626
2012-05-18,18565.0453883573
2012-05-19,18086.4077900099
2012-05-20,17611.2444426231
2012-05-21,17140.2601665834
2012-05-22,16674.2299339489
2012-05-23,16214.0104704441
2012-05-24,15760.5490766515
2012-05-25,15314.8897685229
2012-05-26,14878.1767899296
2012-05-27,14451.6554962715
2012-05-28,14036.6705535713
2012-05-29,13634.6613468803
2012-05-30,13247.1544497734
2012-05-31,12875.7529775976
2012-06-01,12522.1226352612
2012-06-02,12187.9742799111
2012-06-03,11875.0428538952
2012-06-04,11585.0626076158
2012-06-05,11319.7386282946
2012-06-06,11080.7148213015
2012-06-07,10869.5386560867
2012-06-08,10687.6231874017
2012-06-09,10536.2070903266
2012-06-10,10416.3136973744
2012-06-11,10328.7102866004
2012-06-12,10273.869126015
2012-06-13,10251.9320120027
2012-06-14,10262.6802238317
2012-06-15,10305.511924832
2012-06-16,10379.4290431383
2012-06-17,10483.0355306604
2012-06-18,10614.548601382
2012-06-19,10771.8240708284
2012-06-20,10952.3962535929
2012-06-21,11153.5320417145
2012-06-22,11372.2978257197
2012-06-23,11605.6369027957
2012-06-24,11850.4540394617
2012-06-25,12103.7030338405
2012-06-26,12362.4725732136
2012-06-27,12624.0655079054
2012-06-28,12886.066927463
2012-06-29,13146.3971394004
2012-06-30,13403.3467600211
2012-07-01,13655.59251525
2012-07-02,13902.1938560334
2012-07-03,14142.5719380347
2012-07-04,14376.473731759
2012-07-05,14603.9248901021
2012-07-06,14825.1754382925
2012-07-07,15040.6423640419
2012-07-08,15250.8528290067
2012-07-09,15456.3910925127
2012-07-10,15657.851449807
2012-07-11,15855.7986526134
2012-07-12,16050.7364938798
2012-07-13,16243.0845682579
2012-07-14,16433.1627020595
2012-07-15,16621.1821913854
2012-07-16,16807.2427843859
2012-07-17,16991.334269574
2012-07-18,17173.3415568974
2012-07-19,17353.0522312971
2012-07-20,17530.165692174
2012-07-21,17704.3031440651
2012-07-22,17875.0178572305
2012-07-23,18041.8052606118
2012-07-24,18204.1125573994
2012-07-25,18361.3476626068
2012-07-26,18512.8873526972
2012-07-27,18658.0845913198
2012-07-28,18796.275055457
2012-07-29,18926.7829360314
2012-07-30,19048.9261294104
2012-07-31,19162.0209739356
2012-08-01,19265.386720392
2012-08-02,19358.3499578643
2012-08-03,19440.2492458512
2012-08-04,19510.4402272226
2012-08-05,19568.301509991
2012-08-06,19613.2416022756
2012-08-07,19644.7071558407
2012-08-08,19662.1927097269
2012-08-09,19665.2520177736
2012-08-10,19653.5108859223
2012-08-11,19626.681236498
2012-08-12,19584.5758656758
2012-08-13,19527.1230876612
2012-08-14,19454.3801989036
2012-08-15,19366.5444941144
2012-08-16,19263.9604754557
2012-08-17,19147.1219656913
2012-08-18,19016.6680968802
2012-08-19,18873.3725994516
2012-08-20,18718.1264240472
2012-08-21,18551.9144130194
2012-08-22,18375.7873949289
2012-08-23,18190.8315925837
2012-08-24,17998.1375217488
2012-08-25,17798.7705648086
2012-08-26,17593.7451368734
2012-08-27,17384.0038780747
2012-08-28,17170.4026973765
2012-08-29,16953.701864132
2012-08-30,16734.5627861398
2012-08-31,16513.5496911055
2012-09-01,16291.1351711463
2012-09-02,16067.7084538458
2012-09-03,15843.5853014508
2012-09-04,15619.0185729649
2012-09-05,15394.2086710083
2012-09-06,15169.3133005562
2012-09-07,14944.4561633517
2012-09-08,14719.7343831908
2012-09-09,14495.2245955244
2012-09-10,14270.9877387537
2012-09-11,14047.0726574372
2012-09-12,13823.5186749462
2012-09-13,13600.3573212631
2012-09-14,13377.6134167161
2012-09-15,13155.3057197381
2012-09-16,12933.4473503381
2012-09-17,12712.0462036959
2012-09-18,12491.1055716932
2012-09-19,12270.6251944591
2012-09-20,12050.602967973
2012-09-21,11831.037534729
2012-09-22,11611.9319781243
2012-09-23,11393.2988215528
2012-09-24,11175.1664924917
2012-09-25,10957.5873412889
2012-09-26,10740.6471947301
2012-09-27,10524.4762681754
2012-09-28,10309.2610536896
2012-09-29,10095.2565496614
2012-09-30,9882.79791642685
2012-10-01,9672.31036464967
2012-10-02,9464.3158580863
2012-10-03,9259.43510368891
2012-10-04,9058.38337876447
2012-10-05,8861.95906505045
2012-10-06,8671.02434855033
2012-10-07,8486.47837357723
2012-10-08,8309.22411521972
2012-10-09,8140.13120057805
2012-10-10,7979.99767570511
2012-10-11,7829.51410432915
2012-10-12,7689.23328241464
2012-10-13,7559.54824928995
2012-10-14,7440.6802749157
2012-10-15,7332.67729560637
2012-10-16,7235.42208463784
2012-10-17,7148.64848257862
2012-10-18,7071.96340609663
2012-10-19,7004.87214285588
2012-10-20,6946.80458011719
2012-10-21,6897.1404071296
2012-10-22,6855.23185777116
2012-10-23,6820.42311147453
2012-10-24,6792.06596666329
2012-10-25,6769.53179515431
2012-10-26,6752.22006229469
2012-10-27,6739.56386235944
2012-10-28,6731.03299121833
2012-10-29,6726.13508270305
2012-10-30,6724.41529505385
2012-10-31,6725.45496915838
2012-11-01,6728.86960597641
2012-11-02,6734.30643673168
2012-11-03,6741.44179225948
2012-11-04,6749.97842037805
2012-11-05,6759.64285325612
2012-11-06,6770.18289012205
2012-11-07,6781.36523324313
2012-11-08,6792.97329554499
2012-11-09,6804.80518515423
2012-11-10,6816.67186426011
2012-11-11,6828.39547590514
2012-11-12,6839.80783171939
2012-11-13,6850.74905546576
2012-11-14,6861.06638094435
2012-11-15,6870.61310777231
2012-11-16,6879.2477242914
2012-11-17,6886.83321281284
2012-11-18,6893.23655796799
2012-11-19,6898.32848337515
2012-11-20,6901.9834443284
2012-11-21,6904.07990385505
2012-11-22,6904.500915349
2012-11-23,6903.13502624663
2012-11-24,6899.87750331511
2012-11-25,6894.63186098421
2012-11-26,6887.31165036501
2012-11-27,6877.84243960667
2012-11-28,6866.16388841716
2012-11-29,6852.23179413516
2012-11-30,6836.01996746221
2012-12-01,6817.5217866777
2012-12-02,6796.75128307844
2012-12-03,6773.74362938282
2012-12-04,6748.55493683645
2012-12-05,6721.26131339416
2012-12-06,6691.95719009858
2012-12-07,6660.75297949645
2012-12-08,6627.77218186739
2012-12-09,6593.14809594312
2012-12-10,6557.02031603671
2012-12-11,6519.53120480393
2012-12-12,6480.82252056915
2012-12-13,6441.03235296644
2012-12-14,6400.29248494879
2012-12-15,6358.72625815466
2012-12-16,6316.44697720961
2012-12-17,6273.55685095704
2012-12-18,6230.1464377516
2012-12-19,6186.2945393075
2012-12-20,6142.06847339539
2012-12-21,6097.52464916557
2012-12-22,6052.7093686571
2012-12-23,6007.65978246662
2012-12-24,5962.40493492763
2012-12-25,5916.96684301555
2012-12-26,5871.36156237382
2012-12-27,5825.60020251838
2012-12-28,5779.68986092263
2012-12-29,5733.6344521059
2012-12-30,5687.43541307291
2012-12-31,5641.09227069259
2013-01-01,5594.60306019833
2013-01-02,5547.96458734954
2013-01-03,5501.17253035667
2013-01-04,5454.2213818527
2013-01-05,5407.10423634127
2013-01-06,5359.81243488433
2013-01-07,5312.3350863572
2013-01-08,5264.65849322035
2013-01-09,5216.76551900531
2013-01-10,5168.63494389748
2013-01-11,5120.24086299959
2013-01-12,5071.55218799903
2013-01-13,5022.53231592478
2013-01-14,4973.13902747287
2013-01-15,4923.32467131296
2013-01-16,4873.03667964203
2013-01-17,4822.21844439791
2013-01-18,4770.81056399733
2013-01-19,4718.75244880851
2013-01-20,4665.9842518096
2013-01-21,4612.44907117869
2013-01-22,4558.09535592681
2013-01-23,4502.8794357069
2013-01-24,4446.76809253893
2013-01-25,4389.74109553817
2013-01-26,4331.79362921425
2013-01-27,4272.9385602795
2013-01-28,4213.20850550057
2013-01-29,4152.65768211453
2013-01-30,4091.36354094587
2013-01-31,4029.42819910691
2013-02-01,3966.97970292815
2013-02-02,3904.17316186017
2013-02-03,3841.19180022575
2013-02-04,3778.24797591366
2013-02-05,3715.58421364561
2013-02-06,3653.47429567657
2013-02-07,3592.22444508039
2013-02-08,3532.17462643859
2013-02-09,3473.69997599058
2013-02-10,3417.21235818547
2013-02-11,3363.1620280402
2013-02-12,3312.03935860172
2013-02-13,3264.37656993455
2013-02-14,3220.74937025051
2013-02-15,3181.7783910408
2013-02-16,3148.13026660628
2013-02-17,3120.51817486901
2013-02-18,3099.70162203731
2013-02-19,3086.48522060926
2013-02-20,3081.71618130054
2013-02-21,3086.2802188059
2013-02-22,3101.09556398613
2013-02-23,3127.10478722749
2013-02-24,3165.26417608163
2013-02-25,3216.5304815537
2013-02-26,3281.84495720232
2013-02-27,3362.11476676942
2013-02-28,3458.19202855677
2013-03-01,3570.85099169733
2013-03-02,3700.76408726398
2013-03-03,3848.47784459073
2013-03-04,4014.38988204188
2013-03-05,4198.72833889407
2013-03-06,4401.53517763489
2013-03-07,4622.65472561568
2013-03-08,4861.72862486414
2013-03-09,5118.19801929501
2013-03-10,5391.3133503812
2013-03-11,5680.15159672376
2013-03-12,5983.64023693425
2013-03-13,6300.58670346295
2013-03-14,6629.71168904313
2013-03-15,6969.68441507177
2013-03-16,7319.15789830847
2013-03-17,7676.80235867818
2013-03-18,8041.33517209605
2013-03-19,8411.54614480931
2013-03-20,8786.31731659298
2013-03-21,9164.63693565145
2013-03-22,9545.6076423736
2013-03-23,9928.44921934653
2013-03-24,10312.4964936416
2013-03-25,10697.1931111574
2013-03-26,11082.0819501332
2013-03-27,11466.7929179589
2013-03-28,11851.0288020838
2013-03-29,12234.5497426548
2013-03-30,12617.1567802042
2013-03-31,12998.6748217765
2013-04-01,13378.9352751618
2013-04-02,13757.7585316322
2013-04-03,14134.9364377936
2013-04-04,14510.2148892693
2013-04-05,14883.276703111
2013-04-06,15253.7249804041
2013-04-07,15621.0672519822
2013-04-08,15984.7008030676
2013-04-09,16343.899689389
2013-04-10,16697.804077772
2013-04-11,17045.4126555274
2013-04-12,17385.578939669
2013-04-13,17717.0123614235
2013-04-14,18038.2849849475
2013-04-15,18347.844623809
2013-04-16,18644.0349302571
2013-04-17,18925.1227429307
2013-04-18,19189.3325908601
2013-04-19,19434.8877808058
2013-04-20,19660.0569712631
2013-04-21,19863.2046041888
2013-04-22,20042.8430801982
2013-04-23,20197.6841852676
2013-04-24,20326.6870642566
2013-04-25,20429.1000333866
2013-04-26,20504.4937529616
2013-04-27,20552.7837378864
2013-04-28,20574.2408318095
2013-04-29,20569.4890494454
2013-04-30,20539.491021176
2013-05-01,20485.5220684857
2013-05-02,20409.1346188659
2013-05-03,20312.1151731631
2013-05-04,20196.4363310888
2013-05-05,20064.2064541127
2013-05-06,19917.6194175655
2013-05-07,19758.9066137877
2013-05-08,19590.292965645
2013-05-09,19413.9582480572
2013-05-10,19232.0045437213
2013-05-11,19046.4302182442
2013-05-12,18859.1104179443
2013-05-13,18671.7837870297
2013-05-14,18486.0448752232
2013-05-15,18303.3415591575
2013-05-16,18124.976722089
2013-05-17,17952.113414492
2013-05-18,17785.7827395236
2013-05-19,17626.8937593107
2013-05-20,17476.2447890586
2013-05-21,17334.5355267197
2013-05-22,17202.3795491343
2013-05-23,17080.3167859999
2013-05-24,16968.8256573702
2013-05-25,16868.3346267421
2013-05-26,16779.2329794206
2013-05-27,16701.8806847969
2013-05-28,16636.6172420377
2013-05-29,16583.7694423229
2013-05-30,16543.6580081526
2013-05-31,16516.6030922687
2013-06-01,16502.9286361282
2013-06-02,16502.9656010711
2013-06-03,16517.054094502
2013-06-04,16545.544418339
2013-06-05,16588.7970672024
2013-06-06,16647.1816985604
2013-06-07,16721.0750854987
2013-06-08,16810.8580441745
2013-06-09,16916.9113019971
2013-06-10,17039.6102395059
2013-06-11,17179.3184003762
2013-06-12,17336.3796232769
2013-06-13,17511.108612044
2013-06-14,17703.7797352624
2013-06-15,17914.613844474
2013-06-16,18143.762936582
2013-06-17,18391.2925776261
2013-06-18,18657.1621694654
2013-06-19,18941.2033925302
2013-06-20,19243.0975031779
2013-06-21,19562.3525949646
2013-06-22,19898.2824187916
2013-06-23,20249.9888384168
2013-06-24,20616.3503858336
2013-06-25,20996.0195616962
2013-06-26,21387.4313783667
2013-06-27,21788.8250684174
2013-06-28,22198.279840124
2013-06-29,22613.7641090371
2013-06-30,23033.1959403961
2013-07-01,23454.5107723551
2013-07-02,23875.7311790659
2013-07-03,24295.0327736756
2013-07-04,24710.8005294997
2013-07-05,25121.6708228562
2013-07-06,25526.5561948121
2013-07-07,25924.6518695699
2013-07-08,26315.4250766526
2013-07-09,26698.5898669414
2013-07-10,27074.0711712794
2013-07-11,27441.9622564191
2013-07-12,27802.4795536291
2013-07-13,28155.9182273329
2013-07-14,28502.6110060452
2013-07-15,28842.8918933854
2013-07-16,29177.0655475935
2013-07-17,29505.3824445688
2013-07-18,29828.0194535938
2013-07-19,30145.0651514299
2013-07-20,30456.5090521947
2013-07-21,30762.2339008176
2013-07-22,31062.0102303219
2013-07-23,31355.4924863016
2013-07-24,31642.2161519335
2013-07-25,31921.5954476386
2013-07-26,32192.9213218195
2013-07-27,32455.3595890869
2013-07-28,32707.949210032
2013-07-29,32949.60084433
2013-07-30,33179.095950469
2013-07-31,33395.0868544976
2013-08-01,33596.0983697164
2013-08-02,33780.5317198759
2013-08-03,33946.6716972056
2013-08-04,34092.6981651677
2013-08-05,34216.7031784419
2013-08-06,34316.715114041
2013-08-07,34390.7312509552
2013-08-08,34436.7601525184
2013-08-09,34452.8749361598
2013-08-10,34437.2779940922
2013-08-11,34388.3768952512
2013-08-12,34304.8700147596
2013-08-13,34185.8389091535
2013-08-14,34030.842663484
2013-08-15,33840.0075584436
2013-08-16,33614.1037304007
2013-08-17,33354.599408828
2013-08-18,33063.6832402969
2013-08-19,32744.2465180771
2013-08-20,32399.8200235402
2013-08-21,32034.4645395109
2013-08-22,31652.6194330238
2013-08-23,31258.9191985788
2013-08-24,30857.9924829818
2013-08-25,30454.2609135006
2013-08-26,30051.7553815998
2013-08-27,29653.9651764422
2013-08-28,29263.7309652327
2013-08-29,28883.1869721128
2013-08-30,28513.7518939667
2013-08-31,28156.1630967437
2013-09-01,27810.545133894
2013-09-02,27476.5018846523
2013-09-03,27153.2215108382
2013-09-04,26839.5846015822
2013-09-05,26534.267826663
2013-09-06,26235.8376764044
2013-09-07,25942.8310530955
2013-09-08,25653.8213515261
2013-09-09,25367.4701072696
2013-09-10,25082.5652828594
2013-09-11,24798.0478503447
2013-09-12,24513.0285924259
2013-09-13,24226.7970700507
2013-09-14,23938.8245714036
2013-09-15,23648.7626302069
2013-09-16,23356.4384277248
2013-09-17,23061.8481045148
2013-09-18,22765.1487234076
2013-09-19,22466.6493533218
2013-09-20,22166.8014869307
2013-09-21,21866.1887632727
2013-09-22,21565.5157383497
2013-09-23,21265.5952344107
2013-09-24,20967.3336093428
2013-09-25,20671.7131370618
2013-09-26,20379.7706043011
2013-09-27,20092.5712466432
2013-09-28,19811.1773148611
2013-09-29,19536.6109331205
2013-09-30,19269.811525963
2013-10-01,19011.5889652263
2013-10-02,18762.5746814535
2013-10-03,18523.1741790467
2013-10-04,18293.5254818554
2013-10-05,18073.4687303074
2013-10-06,17862.5321416295
2013-10-07,17659.9385856835
2013-10-08,17464.6350502276
2013-10-09,17275.3444636075
2013-10-10,17090.6361810039
2013-10-11,16909.0085829817
2013-10-12,16728.9753499693
2013-10-13,16549.1465243634
2013-10-14,16368.296550236
2013-10-15,16185.4137923328
2013-10-16,15999.7290003147
2013-10-17,15810.7231330921
2013-10-18,15618.1173355407
2013-10-19,15421.8493484894
2013-10-20,15222.041179785
2013-10-21,15018.962623381
2013-10-22,14812.9944476688
2013-10-23,14604.5940612623
2013-10-24,14394.2654320771
2013-10-25,14182.5341340504
2013-10-26,13969.9276987263
2013-10-27,13756.9609701823
2013-10-28,13544.1258779944
2013-10-29,13331.8849130546
2013-10-30,13120.6675703958
2013-10-31,12910.8690718076
2013-11-01,12702.8507673222
2013-11-02,12496.9417159409
2013-11-03,12293.4410474536
2013-11-04,12092.6208002378
2013-11-05,11894.7290102667
2013-11-06,11699.9928928663
2013-11-07,11508.6220113883
2013-11-08,11320.8113671561
2013-11-09,11136.7443743529
2013-11-10,10956.5957034855
2013-11-11,10780.5339890197
2013-11-12,10608.7244017693
2013-11-13,10441.3310853904
2013-11-14,10278.5194493639
2013-11-15,10120.458298486
2013-11-16,9967.32176143248
2013-11-17,9819.29095887801
2013-11-18,9676.55532578868
2013-11-19,9539.31347433712
2013-11-20,9407.77345582238
2013-11-21,9282.1522555578
2013-11-22,9162.6743387558
2013-11-23,9049.5690640168
2013-11-24,8943.0668009057
2013-11-25,8843.39363591748
2013-11-26,8750.76463197465
2013-11-27,8665.37572211264
2013-11-28,8587.39446436781
2013-11-29,8516.95005107227
2013-11-30,8454.12313292399
2013-12-01,8398.93616074781
2013-12-02,8351.34503685913
2013-12-03,8311.23287663452
2013-12-04,8278.40659146232
2013-12-05,8252.59681402001
2013-12-06,8233.46141186228
2013-12-07,8220.59250963834
2013-12-08,8213.52661023828
2013-12-09,8211.75712005529
2013-12-10,8214.74838484643
2013-12-11,8221.95025536395
2013-12-12,8232.81223007354
2013-12-13,8246.79635001558
2013-12-14,8263.38821797188
2013-12-15,8282.10574401874
2013-12-16,8302.50544740122
2013-12-17,8324.18634322603
2013-12-18,8346.79159515419
2013-12-19,8370.0082161938
2013-12-20,8393.56515166475
2013-12-21,8417.2300899231
2013-12-22,8440.80532860783
2013-12-23,8464.12298825635
2013-12-24,8487.03982088768
2013-12-25,8509.43181603171
2013-12-26,8531.18876569539
2013-12-27,8552.20891570486
2013-12-28,8572.39380481018
2013-12-29,8591.6433747116
2013-12-30,8609.85142280185
2013-12-31,8626.90146353058
2014-01-01,8642.66306232291
2014-01-02,8656.98870635634
2014-01-03,8669.71127773329
2014-01-04,8680.6421953362
2014-01-05,8689.57029072587
2014-01-06,8696.26147982843
2014-01-07,8700.45928502331
2014-01-08,8701.88625097823
2014-01-09,8700.2462818051
2014-01-10,8695.22790674394
2014-01-11,8686.5084568543
2014-01-12,8673.75910669667
2014-01-13,8656.65070368874
2014-01-14,8634.86027505799
2014-01-15,8608.07806975016
2014-01-16,8576.0149622057
2014-01-17,8538.41001862882
2014-01-18,8495.03800627224
2014-01-19,8445.71661417154
2014-01-20,8390.31315114188
2014-01-21,8328.75049460591
2014-01-22,8261.01208220131
2014-01-23,8187.145766621
2014-01-24,8107.26639153405
2014-01-25,8021.55699081667
2014-01-26,7930.26856226994
2014-01-27,7833.71841777156
2014-01-28,7732.28716157681
2014-01-29,7626.41439457489
2014-01-30,7516.59328241336
2014-01-31,7403.36415775501
2014-02-01,7287.30735039282
2014-02-02,7169.03545305943
2014-02-03,7049.18523570019
2014-02-04,6928.40941745332
2014-02-05,6807.36849473066
2014-02-06,6686.72280701826
2014-02-07,6567.12500083543
2014-02-08,6449.2130282092
2014-02-09,6333.60379042796
2014-02-10,6220.88751193536
2014-02-11,6111.62290399724
2014-02-12,6006.33315397372
2014-02-13,5905.50275419879
2014-02-14,5809.57516497393
2014-02-15,5718.95128923451
2014-02-16,5633.98872215739
2014-02-17,5555.00172736791
2014-02-18,5482.26188244108
2014-02-19,5415.99932999096
2014-02-20,5356.40456667407
2014-02-21,5303.63070072153
2014-02-22,5257.79610893027
2014-02-23,5218.98742610001
2014-02-24,5187.26280335325
2014-02-25,5162.65537621584
2014-02-26,5145.17688831105
2014-02-27,5134.8214215403
2014-02-28,5131.56918817767
2014-03-01,5135.39034389462
2014-03-02,5146.24878289095
2014-03-03,5164.10587664849
2014-03-04,5188.92411606721
2014-03-05,5220.67061276297
2014-03-06,5259.32040917275
2014-03-07,5304.85953913017
2014-03-08,5357.28777131538
2014-03-09,5416.6209583078
2014-03-10,5482.89290502378
2014-03-11,5556.15666350627
2014-03-12,5636.48515793151
2014-03-13,5723.97104596512
2014-03-14,5818.72573179118
2014-03-15,5920.87746351355
2014-03-16,6030.56847391632
2014-03-17,6147.95115873975
2014-03-18,6273.1833296983
2014-03-19,6406.42262839677
2014-03-20,6547.8202389985
2014-03-21,6697.51408799134
2014-03-22,6855.6217641551
2014-03-23,7022.23342624946
2014-03-24,7197.40498588838
2014-03-25,7381.15185548612
2014-03-26,7573.44353454268
2014-03-27,7774.19927224906
2014-03-28,7983.28499273829
2014-03-29,8200.51160532082
2014-03-30,8425.63475102955
2014-03-31,8658.3559646952
2014-04-01,8898.32516442746
2014-04-02,9145.14432287961
2014-04-03,9398.37213082138
2014-04-04,9657.52943552969
2014-04-05,9922.10522484042
2014-04-06,10191.5629313721
2014-04-07,10465.3468481996
2014-04-08,10742.8884740937
2014-04-09,11023.6126399518
2014-04-10,11306.9433048515
2014-04-11,11592.3089472234
2014-04-12,11879.1475114445
2014-04-13,12166.9109008212
2014-04-14,12455.0690331985
2014-04-15,12743.113494617
2014-04-16,13030.560839322
2014-04-17,13316.955591149
2014-04-18,13601.8730022436
2014-04-19,13884.9216207593
2014-04-20,14165.7457102442
2014-04-21,14444.0275505524
2014-04-22,14719.4896340447
2014-04-23,14991.896752375
2014-04-24,15261.0579492114
2014-04-25,15526.8282938474
2014-04-26,15789.1104110609
2014-04-27,16047.8556851574
2014-04-28,16303.0650424653
2014-04-29,16554.7892082955
2014-04-30,16803.1283331638
2014-05-01,17048.2308903738
2014-05-02,17290.2917639055
2014-05-03,17529.5494723942
2014-05-04,17766.2825113695
2014-05-05,18000.8048404244
2014-05-06,18233.4605920589
2014-05-07,18464.6181310431
2014-05-08,18694.6636429513
2014-05-09,18923.9944733441
2014-05-10,19153.0124703607
2014-05-11,19382.1175994522
2014-05-12,19611.7020971198
2014-05-13,19842.1454100411
2014-05-14,20073.8101279891
2014-05-15,20307.0390664533
2014-05-16,20542.1535923205
2014-05-17,20779.4532188029
2014-05-18,21019.216429677
2014-05-19,21261.7026330965
2014-05-20,21507.1550959826
2014-05-21,21755.8046741013
2014-05-22,22007.874131619
2014-05-23,22263.5828368705
2014-05-24,22523.1516266583
2014-05-25,22786.8076471075
2014-05-26,23054.789001877
2014-05-27,23327.3490652553
2014-05-28,23604.7603454307
2014-05-29,23887.3178095944
2014-05-30,24175.3416056848
2014-05-31,24469.1791343247
2014-06-01,24769.2064382883
2014-06-02,25075.8288856346
2014-06-03,25389.481126869
2014-06-04,25710.6263068889
2014-06-05,26039.7545099737
2014-06-06,26377.3804117863
2014-06-07,26724.0401073925
2014-06-08,27080.2870798022
2014-06-09,27446.6872705932
2014-06-10,27823.8132137751
2014-06-11,28212.2371970898
2014-06-12,28612.523422161
2014-06-13,29025.2191468523
2014-06-14,29450.8448102233
2014-06-15,29889.8831626655
2014-06-16,30342.7674509593
2014-06-17,30809.8687395866
2014-06-18,31291.4824848231
2014-06-19,31787.8145157198
2014-06-20,32298.9666146154
2014-06-21,32824.9219276123
2014-06-22,33365.5304707199
2014-06-23,33920.4950284036
2014-06-24,34489.3577665658
2014-06-25,35071.4879004813
2014-06-26,35666.0707694476
2014-06-27,36272.0986742169
2014-06-28,36888.3638318068
2014-06-29,37513.453797007
2014-06-30,38145.7496934164
2014-07-01,38783.4275920336
2014-07-02,39424.463374917
2014-07-03,40066.641426876
2014-07-04,40707.5675093474
2014-07-05,41344.6861845522
2014-07-06,41975.303167973
2014-07-07,42596.6129819632
2014-07-08,43205.7322469513
2014-07-09,43799.7388590383
2014-07-10,44375.7171407964
2014-07-11,44930.8087929313
2014-07-12,45462.2690999734
2014-07-13,45967.5273458693
2014-07-14,46444.2497855984
2014-07-15,46890.4028318607
2014-07-16,47304.313416291
2014-07-17,47684.7228675789
2014-07-18,48030.8302330631
2014-07-19,48342.320883147
2014-07-20,48619.3765914905
2014-07-21,48862.6641464844
2014-07-22,49073.3009168401
2014-07-23,49252.7975709992
2014-07-24,49402.9801493235
2014-07-25,49525.8956524525
2014-07-26,49623.7069550644
2014-07-27,49698.5839275616
2014-07-28,49752.5979794478
2014-07-29,49787.6267801197
2014-07-30,49805.2747499357
2014-07-31,49806.8132417879
2014-08-01,49793.1424114548
2014-08-02,49764.7748743758
2014-08-03,49721.8395973113
2014-08-04,49664.1032312764
2014-08-05,49591.0053256565
2014-08-06,49501.7035611953
2014-08-07,49395.1252310775
2014-08-08,49270.0215811428
2014-08-09,49125.0221806294
2014-08-10,48958.6871323286
2014-08-11,48769.5555657112
2014-08-12,48556.189433866
2014-08-13,48317.2121245118
2014-08-14,48051.3417861178
2014-08-15,47757.4195655343
2014-08-16,47434.433165326
2014-08-17,47081.5362729706
2014-08-18,46698.0645066121
2014-08-19,46283.5485778549
2014-08-20,45837.7254029557
2014-08-21,45360.5479080049
2014-08-22,44852.1942758825
2014-08-23,44313.0773737465
2014-08-24,43743.8550766769
2014-08-25,43145.4421590347
2014-08-26,42519.0243491382
2014-08-27,41866.0750194611
2014-08-28,41188.3747932504
2014-08-29,40488.0340637379
2014-08-30,39767.5180141486
2014-08-31,39029.6731634953
2014-09-01,38277.7537151325
2014-09-02,37515.4450335053
2014-09-03,36746.8804249186
2014-09-04,35976.6460993691
2014-09-05,35209.7678594268
2014-09-06,34451.6719103883
2014-09-07,33708.1115401903
2014-09-08,32985.0517201779
2014-09-09,32288.505446582
2014-09-10,31624.319368626
2014-09-11,30997.9122202957
2014-09-12,30413.9776364523
2014-09-13,29876.1722606577
2014-09-14,29386.8190119248
2014-09-15,28946.661671241
2014-09-16,28554.7080945694
2014-09-17,28208.1935025547
2014-09-18,27902.682105447
2014-09-19,27632.3065595049
2014-09-20,27390.124147603
2014-09-21,27168.5508567326
2014-09-22,26959.8239000345
2014-09-23,26756.4419794577
2014-09-24,26551.5403579966
2014-09-25,26339.1719433031
2014-09-26,26114.4821993385
2014-09-27,25873.7810453907
2014-09-28,25614.5263561338
2014-09-29,25335.2401642651
2014-09-30,25035.3804708892
2014-10-01,24715.1898233453
2014-10-02,24375.5379549471
2014-10-03,24017.7710981422
2014-10-04,23643.5760361584
2014-10-05,23254.8631083154
2014-10-06,22853.6694576418
2014-10-07,22442.08180338
2014-10-08,22022.1768045411
2014-10-09,21595.9764733187
2014-10-10,21165.4159188497
2014-10-11,20732.3207989849
2014-10-12,20298.3921128666
2014-10-13,19865.19629795
2014-10-14,19434.1589494773
2014-10-15,19006.5608293433
2014-10-16,18583.5351625777
2014-10-17,18166.0655321738
2014-10-18,17754.983982188
2014-10-19,17350.9692328798
2014-10-20,16954.5452070316
2014-10-21,16566.0803651962
2014-10-22,16185.78864181
2014-10-23,15813.7330422732
2014-10-24,15449.8331640393
2014-10-25,15093.8779845108
2014-10-26,14745.5451427446
2014-10-27,14404.4275564261
2014-10-28,14070.0675073948
2014-10-29,13741.9972983019
2014-10-30,13419.7843162216
2014-10-31,13103.0770290848
2014-11-01,12791.6473763649
2014-11-02,12485.4245256099
2014-11-03,12184.5153236394
2014-11-04,11889.2080790778
2014-11-05,11599.9584261887
2014-11-06,11317.3585438317
2014-11-07,11042.0933903741
2014-11-08,10774.8893321459
2014-11-09,10516.4612396369
2014-11-10,10267.4637359828
2014-11-11,10028.4510173043
2014-11-12,9799.84791221144
2014-11-13,9581.93303329328
2014-11-14,9374.83333785747
2014-11-15,9178.52835162527
2014-11-16,8992.86175963315
2014-11-17,8817.55796358952
2014-11-18,8652.24141724555
2014-11-19,8496.45694411334
2014-11-20,8349.68969950036
2014-11-21,8211.38388014455
2014-11-22,8080.95966319741
2014-11-23,7957.82815308264
2014-11-24,7841.40432968217
2014-11-25,7731.11813451842
2014-11-26,7626.42391739686
2014-11-27,7526.80850873848
2014-11-28,7431.7981949346
2014-11-29,7340.96486492408
2014-11-30,7253.93157219236
2014-12-01,7170.37772106232
2014-12-02,7090.0440405928
2014-12-03,7012.73745267784
2014-12-04,6938.33587045915
2014-12-05,6866.7928750829
2014-12-06,6798.14210861576
2014-12-07,6732.50108414032
2014-12-08,6670.07394763278
2014-12-09,6611.15253049308
2014-12-10,6556.11481311153
2014-12-11,6505.41969526429
2014-12-12,6459.59676977774
2014-12-13,6419.2296722841
2014-12-14,6384.93160422395
2014-12-15,6357.31189008081
2014-12-16,6336.93303261575
2014-12-17,6324.25875427199
2014-12-18,6319.59498489855
2014-12-19,6323.02759368262
2014-12-20,6334.3626292201
2014-12-21,6353.07651422085
2014-12-22,6378.2844971829
2014-12-23,6408.73514463088
2014-12-24,6442.83641242441
2014-12-25,6478.71492126608
2014-12-26,6514.30507156942
2014-12-27,6547.45962556099
2014-12-28,6576.0696015821
2014-12-29,6598.17977352134
2014-12-30,6612.0871476031
2014-12-31,6616.41314800309
2015-01-01,6610.14492825355
2015-01-02,6592.64604541178
2015-01-03,6563.64065981121
2015-01-04,6523.17785846814
2015-01-05,6471.58354338741
2015-01-06,6409.40685917093
2015-01-07,6337.36683109162
2015-01-08,6256.30322984224
2015-01-09,6167.13405244018
2015-01-10,6070.82064290872
2015-01-11,5968.34046820378
2015-01-12,5860.66691353958
2015-01-13,5748.75511071511
2015-01-14,5633.53268638548
2015-01-15,5515.89433911134
2015-01-16,5396.69926195192
2015-01-17,5276.7705752564
2015-01-18,5156.89609148194
2015-01-19,5037.82988211869
2015-01-20,4920.29424693162
2015-01-21,4804.98179451634
2015-01-22,4692.55743095796
2015-01-23,4583.6601224296
2015-01-24,4478.90435088927
2015-01-25,4378.88122277929
2015-01-26,4284.15922168431
2015-01-27,4195.284619741
2015-01-28,4112.78158120396
2015-01-29,4037.15200649442
2015-01-30,3968.87517737985
2015-01-31,3908.40727436566
2015-02-01,3856.18084627249
2015-02-02,3812.60431936499
2015-02-03,3778.0616390317
2015-02-04,3752.91214037311
2015-02-05,3737.49074437685
2015-02-06,3732.10857269523
2015-02-07,3737.05406530012
2015-02-08,3752.59467034213
2015-02-09,3778.97915333129
2015-02-10,3816.44054247926
2015-02-11,3865.19968834727
2015-02-12,3925.46936916545
2015-02-13,3997.45881959112
2015-02-14,4081.37850265248
2015-02-15,4177.44488584256
2015-02-16,4285.8849276896
2015-02-17,4406.93993658621
2015-02-18,4540.8684357414
2015-02-19,4687.94766326264
2015-02-20,4848.47335998582
2015-02-21,5022.75755314582
2015-02-22,5211.12413170799
2015-02-23,5413.90212587571
2015-02-24,5631.41674169381
2015-02-25,5863.97835095695
2015-02-26,6111.86978337482
2015-02-27,6375.33239774619
2015-02-28,6654.55150826851
2015-03-01,6949.64180048973
2015-03-02,7260.63338266594
2015-03-03,7587.4590817106
2015-03-04,7929.94351320153
2015-03-05,8287.79434141415
2015-03-06,8660.59601055107
2015-03-07,9047.80608604236
2015-03-08,9448.75420817722
2015-03-09,9862.64354045411
2015-03-10,10288.5544997145
2015-03-11,10725.4504885701
2015-03-12,11172.1853135129
2015-03-13,11627.5119621919
2015-03-14,12090.0924262871
2015-03-15,12558.5082866874
2015-03-16,13031.2718193353
2015-03-17,13506.8374275351
2015-03-18,13983.6132548009
2015-03-19,14459.9728775276
2015-03-20,14934.2670160307
2015-03-21,15404.8352338952
2015-03-22,15870.0176180823
2015-03-23,16328.1664454906
2015-03-24,16777.6578458395
2015-03-25,17216.9034663811
2015-03-26,17644.3621318984
2015-03-27,18058.5514747581
2015-03-28,18458.059485693
2015-03-29,18841.5559078887
2015-03-30,19207.8033664445
2015-03-31,19555.6680941246
2015-04-01,19884.1300845032
2015-04-02,20192.2924772382
2015-04-03,20479.3899595493
2015-04-04,20744.795955254
2015-04-05,20988.0283700809
2015-04-06,21208.7536712401
2015-04-07,21406.7891017553
2015-04-08,21582.1028664443
2015-04-09,21734.8121764575
2015-04-10,21865.1791016196
2015-04-11,21973.6042521014
2015-04-12,22060.618389699
2015-04-13,22126.8721498624
2015-04-14,22173.1241335854
2015-04-15,22200.2276980863
2015-04-16,22209.1168318183
2015-04-17,22200.7915383733
2015-04-18,22176.303172011
2015-04-19,22136.740163082
2015-04-20,22083.2145444031
2015-04-21,22016.8496413159
2015-04-22,21938.7692218935
2015-04-23,21850.0883240415
2015-04-24,21751.9058883607
2015-04-25,21645.2992352555
2015-04-26,21531.3203373675
2015-04-27,21410.9937588653
2015-04-28,21285.3160653504
2015-04-29,21155.2564548809
2015-04-30,21021.7583233883
2015-05-01,20885.7414568472
2015-05-02,20748.1045372581
2015-05-03,20609.7276582633
2015-05-04,20471.4745670012
2015-05-05,20334.1943792608
2015-05-06,20198.7225527879
2015-05-07,20065.8809464964
2015-05-08,19936.4768394636
2015-05-09,19811.3008313777
2015-05-10,19691.123594408
2015-05-11,19576.6914944402
2015-05-12,19468.7211467209
2015-05-13,19367.8930167571
2015-05-14,19274.8442214792
2015-05-15,19190.1607277271
2015-05-16,19114.3691844149
2015-05-17,19047.9286603196
2015-05-18,18991.222589998
2015-05-19,18944.5512541971
2015-05-20,18908.1251362493
2015-05-21,18882.0595000953
2015-05-22,18866.3705264621
2015-05-23,18860.973319231
2015-05-24,18865.6820525492
2015-05-25,18880.2124699719
2015-05-26,18904.1868701903
2015-05-27,18937.1416214289
2015-05-28,18978.537141662
2015-05-29,19027.7701692432
2015-05-30,19084.1880345905
2015-05-31,19147.1045354793
2015-06-01,19215.8169239506
2015-06-02,19289.6234392917
2015-06-03,19367.8407754136
2015-06-04,19449.8208568919
2015-06-05,19534.9663182857
2015-06-06,19622.7441357033
2015-06-07,19712.6969447834
2015-06-08,19804.4516896215
2015-06-09,19897.7253750402
2015-06-10,19992.3278311107
2015-06-11,20088.161534782
2015-06-12,20185.2186602039
2015-06-13,20283.5756394809
2015-06-14,20383.3856036291
2015-06-15,20484.8691360747
2015-06-16,20588.3038069271
2015-06-17,20694.0129662932
2015-06-18,20802.3542615262
2015-06-19,20913.7083101252
2015-06-20,21028.4679113126
2015-06-21,21147.0281196205
2015-06-22,21269.7774374421
2015-06-23,21397.0903143194
2015-06-24,21529.3210720079
2015-06-25,21666.7993086307
2015-06-26,21809.8267744127
2015-06-27,21958.675656855
2015-06-28,22113.5881655987
2015-06-29,22274.777267109
2015-06-30,22442.4283869241
2015-07-01,22616.7018726796
2015-07-02,22797.7359944932
2015-07-03,22985.6502506161
2015-07-04,23180.5487455279
2015-07-05,23382.5234148392
2015-07-06,23591.6568863238
2015-07-07,23808.0247888096
2015-07-08,24031.6973499875
2015-07-09,24262.7401595984
2015-07-10,24501.2140148041
2015-07-11,24747.1738083483
2015-07-12,25000.6664656252
2015-07-13,25261.7279820271
2015-07-14,25530.3796548509
2015-07-15,25806.623642567
2015-07-16,26090.4380165099
2015-07-17,26381.7714944657
2015-07-18,26680.5380611008
2015-07-19,26986.6116860878
2015-07-20,27299.8213471597
2015-07-21,27619.9465527005
2015-07-22,27946.7135379859
2015-07-23,28279.7922823199
2015-07-24,28618.7944628859
2015-07-25,28963.2724271014
2015-07-26,29312.7192305392
2015-07-27,29666.5697538433
2015-07-28,30024.2028809926
2015-07-29,30384.9446938826
2015-07-30,30748.0726152219
2015-07-31,31112.8204134877
2015-08-01,31478.3839700843
2015-08-02,31843.9276995183
2015-08-03,32208.5915077177
2015-08-04,32571.4981708088
2015-08-05,32931.761015883
2015-08-06,33288.4917857535
2015-08-07,33640.8085707041
2015-08-08,33987.843691269
2015-08-09,34328.7514168305
2015-08-10,34662.715405243
2015-08-11,34988.9557489576
2015-08-12,35306.7355136776
2015-08-13,35615.3666570454
2015-08-14,35914.2152180197
2015-08-15,36202.7056732989
2015-08-16,36480.3243662104
2015-08-17,36746.6219266168
2015-08-18,37001.2146180851
2015-08-19,37243.7845709804
2015-08-20,37474.0788870617
2015-08-21,37691.9076318931
2015-08-22,37897.1407648087
2015-08-23,38089.7040907384
2015-08-24,38269.5743520288
2015-08-25,38436.7736093907
2015-08-26,38591.3630871719
2015-08-27,38733.4366773223
2015-08-28,38863.1143070954
2015-08-29,38980.5353766322
2015-08-30,39085.8524636695
2015-08-31,39179.2254739817
2015-09-01,39260.8163888126
2015-09-02,39330.7847261022
2015-09-03,39389.2837929294
2015-09-04,39436.4577647245
2015-09-05,39472.439585072
2015-09-06,39497.349640817
2015-09-07,39511.2951329636
2015-09-08,39514.3700363208
2015-09-09,39506.6555213228
2015-09-10,39488.2207006526
2015-09-11,39459.1235614066
2015-09-12,39419.4119501829
2015-09-13,39369.1244928568
2015-09-14,39308.2913517404
2015-09-15,39236.9347488698
2015-09-16,39155.0692137205
2015-09-17,39062.7015450077
2015-09-18,38959.8305077162
2015-09-19,38846.4463164477
2015-09-20,38722.5299830865
2015-09-21,38588.0526292795
2015-09-22,38442.9748811715
2015-09-23,38287.2464743214
2015-09-24,38120.8062001325
2015-09-25,37943.5823211703
2015-09-26,37755.4935714568
2015-09-27,37556.4508396292
2015-09-28,37346.3596085004
2015-09-29,37125.1231951394
2015-09-30,36892.6468025055
2015-10-01,36648.84235848
2015-10-02,36393.6340826061
2015-10-03,36126.9646866732
2015-10-04,35848.802084148
2015-10-05,35559.146456787
2015-10-06,35258.0375057405
2015-10-07,34945.5616998389
2015-10-08,34621.8593259336
2015-10-09,34287.1311450846
2015-10-10,33941.6444636084
2015-10-11,33585.7384387452
2015-10-12,33219.828453932
2015-10-13,32844.4094172
2015-10-14,32460.0578568031
2015-10-15,32067.4327096659
2015-10-16,31667.2747195906
2015-10-17,31260.4043825995
2015-10-18,30847.7183958466
2015-10-19,30430.1845840472
2015-10-20,30008.8352935896
2015-10-21,29584.7592599642
2015-10-22,29159.0919698072
2015-10-23,28733.0045558985
2015-10-24,28307.6912833454
2015-10-25,27884.3557095101
2015-10-26,27464.1956306414
2015-10-27,27048.3869661609
2015-10-28,26638.0667783394
2015-10-29,26234.315681289
2015-10-30,25838.1399585931
2015-10-31,25450.4537820336
2015-11-01,25072.0620018182
2015-11-02,24703.6440566251
2015-11-03,24345.7396228445
2015-11-04,23998.7366777237
2015-11-05,23662.8626801512
2015-11-06,23338.1795639764
2015-11-07,23024.5831807088
2015-11-08,22721.8077116797
2015-11-09,22429.4353886877
2015-11-10,22146.9116171788
2015-11-11,21873.5652954248
2015-11-12,21608.6337841974
2015-11-13,21351.291630241
2015-11-14,21100.681816664
2015-11-15,20855.9480412334
2015-11-16,20616.2663453019
2015-11-17,20380.8743608702
2015-11-18,20149.0965281419
2015-11-19,19920.3638619316
2015-11-20,19694.2271960446
2015-11-21,19470.363277816
2015-11-22,19248.5735761934
2015-11-23,19028.7761565384
2015-11-24,18810.991415953
2015-11-25,18595.3228251323
2015-11-26,18381.934060383
2015-11-27,18171.0240218913
2015-11-28,17962.8012259135
2015-11-29,17757.4589459756
2015-11-30,17555.1522863398
2015-12-01,17355.9781285866
2015-12-02,17159.9586274185
2015-12-03,16967.0286693684
2015-12-04,16777.0274671279
2015-12-05,16589.6942555269
2015-12-06,16404.6678896315
2015-12-07,16221.4900226614
2015-12-08,16039.6114592782
2015-12-09,15858.401233488
2015-12-10,15677.1579437828
2015-12-11,15495.1228845593
2015-12-12,15311.4945358904
2015-12-13,15125.4440075369
2015-12-14,14936.1310726792
2015-12-15,14742.7204680421
2015-12-16,14544.3981765536
2015-12-17,14340.3874437902
2015-12-18,14129.9643082495
2015-12-19,13912.4724465469
2015-12-20,13687.3371471301
2015-12-21,13454.0782297893
2015-12-22,13212.32172356
2015-12-23,12961.8101037991
2015-12-24,12702.4108724487
2015-12-25,12434.1232469932
2015-12-26,12157.0827076795
2015-12-27,11871.5631445067
2015-12-28,11577.9763513227
2015-12-29,11276.8686403271
2015-12-30,10968.914402065
2015-12-31,10654.9065177236
2016-01-01,10335.7436437016
2016-01-02,10012.4145306855
2016-01-03,9685.97970398012
2016-01-04,9357.55100684793
2016-01-05,9028.26967805618
2016-01-06,8699.28377974004
2016-01-07,8371.72589255057
2016-01-08,8046.69203472923
2016-01-09,7725.22272858395
2016-01-10,7408.28702818133
2016-01-11,7096.7701417626
2016-01-12,6791.4650465897
2016-01-13,6493.06822535137
2016-01-14,6202.17937892461
2016-01-15,5919.3047175921
2016-01-16,5644.8632255235
2016-01-17,5379.19514848033
2016-01-18,5122.57188077426
2016-01-19,4875.2064242568
2016-01-20,4637.26365173769
2016-01-21,4408.86971661007
2016-01-22,4190.12009377678
2016-01-23,3981.08589826711
2016-01-24,3781.81829308401
2016-01-25,3592.35095588071
2016-01-26,3412.70071771478
2016-01-27,3242.86661258676
2016-01-28,3082.82768280792
2016-01-29,2932.53997349832
2016-01-30,2791.93322163986
2016-01-31,2660.90780298285
2016-02-01,2539.33254461704
2016-02-02,2427.04404136551
2016-02-03,2323.84812727865
2016-02-04,2229.52414381826
2016-02-05,2143.8326057208
2016-02-06,2066.52678382891
2016-02-07,1997.36859002335
2016-02-08,1936.14895183189
2016-02-09,1882.71259507275
2016-02-10,1836.98680936954
2016-02-11,1799.01335993732
2016-02-12,1768.98224846431
2016-02-13,1747.26554993403
2016-02-14,1734.44911026496
2016-02-15,1731.35954455024
2016-02-16,1739.08379767513
2016-02-17,1758.97858556782
2016-02-18,1792.66737741174
2016-02-19,1842.02322714725
2016-02-20,1909.13669382227
2016-02-21,1996.26923309393
2016-02-22,2105.79367915914
2016-02-23,2240.12461911614
2016-02-24,2401.64243416235
2016-02-25,2592.61540877606
2016-02-26,2815.12450179241
2016-02-27,3070.99510836381
2016-02-28,3361.73946422044
2016-02-29,3688.51235696687
2016-03-01,4052.08165374079
2016-03-02,4452.81398047861
2016-03-03,4890.674829043
2016-03-04,5365.24152298256
2016-03-05,5875.72689440481
2016-03-06,6421.01122293849
2016-03-07,6999.67993654126
2016-03-08,7610.06472273639
2016-03-09,8250.28598659844
2016-03-10,8918.29495761141
2016-03-11,9611.91413852964
2016-03-12,10328.8751650462
2016-03-13,11066.853478224
2016-03-14,11823.4994874858
2016-03-15,12596.4661156584
2016-03-16,13383.4327715823
2016-03-17,14182.1258971114
2016-03-18,14990.336293285
2016-03-19,15805.9334550289
2016-03-20,16626.8771444892
2016-03-21,17451.2264184196
2016-03-22,18277.1463019919
2016-03-23,19102.9122755524
2016-03-24,19926.9127164904
2016-03-25,20747.6494186041
2016-03-26,21563.7362983225
2016-03-27,22373.8963921981
2016-03-28,23176.9572539875
2016-03-29,23971.8448725163
2016-03-30,24757.576253091
2016-03-31,25533.2508345961
2016-04-01,26298.0409502695
2016-04-02,27051.1815804774
2016-04-03,27791.9596880586
2016-04-04,28519.7034676941
2016-04-05,29233.7718764046
2016-04-06,29933.5448383145
2016-04-07,30618.41452854
2016-04-08,31287.7781338726
2016-04-09,31941.0324577186
2016-04-10,32577.570680549
2016-04-11,33196.7815035997
2016-04-12,33798.0507937718
2016-04-13,34380.7657153501
2016-04-14,34944.3211860366
2016-04-15,35488.1283404277
2016-04-16,36011.6245353384
2016-04-17,36514.2843014926
2016-04-18,36995.6305483083
2016-04-19,37455.2452745097
2016-04-20,37892.7790357533
2016-04-21,38307.9584755155
2016-04-22,38700.5913360679
2016-04-23,39070.5685256487
2016-04-24,39417.8630140315
2016-04-25,39742.5255455517
2016-04-26,40044.6773778775
2016-04-27,40324.5004575452
2016-04-28,40582.22561228
2016-04-29,40818.1194615375
2016-04-30,41032.4708114949
2016-05-01,41225.5773053627
2016-05-02,41397.7330466068
2016-05-03,41549.2178088191
2016-05-04,41680.2883031602
2016-05-05,41791.1718068399
2016-05-06,41882.0622795847
2016-05-07,41953.1189245939
2016-05-08,42004.4669994282
2016-05-09,42036.2005609418
2016-05-10,42048.3867434252
2016-05-11,42041.0711232777
2016-05-12,42014.2837157218
2016-05-13,41968.04517506
2016-05-14,41902.3728231168
2016-05-15,41817.2862028119
2016-05-16,41712.8119368155
2016-05-17,41588.9877569951
2016-05-18,41445.8656520251
2016-05-19,41283.5141528279
2016-05-20,41102.0198349389
2016-05-21,40901.4881616596
2016-05-22,40682.0438217015
2016-05-23,40443.8307309106
2016-05-24,40187.0118713836
2016-05-25,39911.7691351623
2016-05-26,39618.3033262017
2016-05-27,39306.8344558517
2016-05-28,38977.6024458173
2016-05-29,38630.868330222
2016-05-30,38266.9160263041
2016-05-31,37886.0547223188
2016-06-01,37488.6219118129
2016-06-02,37074.9870856949
2016-06-03,36645.5560771482
2016-06-04,36200.7760389573
2016-06-05,35741.1410174864
2016-06-06,35267.1980715466
2016-06-07,34779.5538667416
2016-06-08,34278.8816556675
2016-06-09,33765.9285306311
2016-06-10,33241.5228076121
2016-06-11,32706.581367513
2016-06-12,32162.1167432334
2016-06-13,31609.243699231
2016-06-14,31049.1850052264
2016-06-15,30483.2760597372
2016-06-16,29912.9679755433
2016-06-17,29339.828702536
2016-06-18,28765.5417396205
2016-06-19,28191.901983388
2016-06-20,27620.8082849214
2016-06-21,27054.2523450784
2016-06-22,26494.3036796426
2016-06-23,25943.0905331714
2016-06-24,25402.7768146017
2016-06-25,24875.5353636214
2016-06-26,24363.5181227804
2016-06-27,23868.8240674513
2016-06-28,23393.4660088196
2016-06-29,22939.3376043553
2016-06-30,22508.1820550267
2016-07-01,22101.5640116482
2016-07-02,21720.8461354966
2016-07-03,21367.1715547613
2016-07-04,21041.4531382601
2016-07-05,20744.3700968121
2016-07-06,20476.3719598026
2016-07-07,20237.6895070718
2016-07-08,20028.3518128801
2016-07-09,19848.2082219155
2016-07-10,19696.9538574989
2016-07-11,19574.1571736817
2016-07-12,19479.2881032709
2016-07-13,19411.7455054907
2016-07-14,19370.8828517712
2016-07-15,19356.0313723346
2016-07-16,19366.5201858993
2016-07-17,19401.6932201142
2016-07-18,19460.9229783286
2016-07-19,19543.6214042171
2016-07-20,19649.2482326805
2016-07-21,19777.3172931207
2016-07-22,19927.401254273
2016-07-23,20099.1352759738
2016-07-24,20292.2199715391
2016-07-25,20506.4239939307
2016-07-26,20741.5864479053
2016-07-27,20997.6192061072
2016-07-28,21274.5090756876
2016-07-29,21572.3196288431
2016-07-30,21891.1923806646
2016-07-31,22231.3468761493
2016-08-01,22593.0791411928
2016-08-02,22976.7578671587
2016-08-03,23382.8176439694
2016-08-04,23811.7485427095
2016-08-05,24264.081386486
2016-08-06,24740.3681486332
2016-08-07,25241.1570894772
2016-08-08,25766.9624923225
2016-08-09,26318.2291855214
2016-08-10,26895.2924314823
2016-08-11,27498.3342058627
2016-08-12,28127.3373503044
2016-08-13,28782.0395185815
2016-08-14,29461.8891997646
2016-08-15,30166.0063410284
2016-08-16,30893.1501592814
2016-08-17,31641.6965895203
2016-08-18,32409.6274533942
2016-08-19,33194.5328545853
2016-08-20,33993.6275569201
2016-08-21,34803.7812408703
2016-08-22,35621.5616466228
2016-08-23,36443.2887866629
2016-08-24,37265.0977312724
2016-08-25,38083.0070019247
2016-08-26,38892.9893883781
2016-08-27,39691.0420421475
2016-08-28,40473.2529684736
2016-08-29,41235.8614932993
2016-08-30,41975.3108583038
2016-08-31,42688.2917281885
2016-09-01,43371.7760170516
2016-09-02,44023.0410034296
2016-09-03,44639.6841705186
2016-09-04,45219.6295600542
2016-09-05,45761.1266611648
2016-09-06,46262.7429772201
2016-09-07,46723.3514404034
2016-09-08,47142.1137960966
2016-09-09,47518.4609789812
2016-09-10,47852.0713707142
2016-09-11,48142.8476829907
2016-09-12,48390.8930642551
2016-09-13,48596.4868940023
2016-09-14,48760.060612995
2016-09-15,48882.1738453115
2016-09-16,48963.4910011376
2016-09-17,49004.758508022
2016-09-18,49006.7828019076
2016-09-19,48970.4092155791
2016-09-20,48896.5019282133
2016-09-21,48785.9251816218
2016-09-22,48639.5260217492
2016-09-23,48458.1188822903
2016-09-24,48242.4723840994
2016-09-25,47993.2987716294
2016-09-26,47711.2464373525
2016-09-27,47396.895988048
2016-09-28,47050.7602743417
2016-09-29,46673.2887296114
2016-09-30,46264.8762414304
2016-10-01,45825.876607046
2016-10-02,45356.6204078649
2016-10-03,44857.4368864185
2016-10-04,44328.679138804
2016-10-05,43770.7516678167
2016-10-06,43184.1391025087
2016-10-07,42569.4347057435
2016-10-08,41927.3671874094
2016-10-09,41258.8243365289
2016-10-10,40564.8720906074
2016-10-11,39846.767873821
2016-10-12,39105.9673432525
2016-10-13,38344.1240594623
2016-10-14,37563.0820108788
2016-10-15,36764.8613335556
2016-10-16,35951.6379422506
2016-10-17,35125.7180946299
2016-10-18,34289.5091258017
2016-10-19,33445.4877046756
2016-10-20,32596.1669773977
2016-10-21,31744.0638869231
2016-10-22,30891.6678095065
2016-10-23,30041.4114505938
2016-10-24,29195.6447172631
2016-10-25,28356.6120533667
2016-10-26,27526.4335044767
2016-10-27,26707.0895857104
2016-10-28,25900.4098645159
2016-10-29,25108.0650461132
2016-10-30,24331.5622612516
2016-10-31,23572.2432013007
2016-11-01,22831.284719687
2016-11-02,22109.701515728
2016-11-03,21408.3505312549
2016-11-04,20727.9367166933
2016-11-05,20069.0198568157
2016-11-06,19432.022183387
2016-11-07,18817.2365394661
2016-11-08,18224.8348961425
2016-11-09,17654.8770556061
2016-11-10,17107.3194039659
2016-11-11,16582.0236028372
2016-11-12,16078.7651305125
2016-11-13,15597.241601785
2016-11-14,15137.0808106507
2016-11-15,14697.8484526505
2016-11-16,14279.0554940308
2016-11-17,13880.1651636356
2016-11-18,13500.5995509093
2016-11-19,13139.7457998838
2016-11-20,12796.9618948075
2016-11-21,12471.5820382881
2016-11-22,12162.9216275836
2016-11-23,11870.281839001
2016-11-24,11592.9538342586
2016-11-25,11330.2226060851
2016-11-26,11081.3704832098
2016-11-27,10845.6803171823
2016-11-28,10622.4383750808
2016-11-29,10410.936963081
2016-11-30,10210.4768060433
2016-12-01,10020.3692077274
2016-12-02,9839.93801500104
2016-12-03,9668.52140753273
2016-12-04,9505.47353205053
2016-12-05,9350.16599742098
2016-12-06,9201.98924372142
2016-12-07,9060.35379529474
2016-12-08,8924.69140467703
2016-12-09,8794.45609144171
2016-12-10,8669.1250775808
2016-12-11,8548.19961917868
2016-12-12,8431.20573294479
2016-12-13,8317.69481571953
2016-12-14,8207.24415538344
2016-12-15,8099.45733265474
2016-12-16,7993.96451498832
2016-12-17,7890.4226460852
2016-12-18,7788.51553724729
2016-12-19,7687.95386982161
2016-12-20,7588.47512111265
2016-12-21,7489.84342925839
2016-12-22,7391.84941553301
2016-12-23,7294.30998525378
2016-12-24,7197.0681308482
2016-12-25,7099.99276262275
2016-12-26,7002.97859432171
2016-12-27,6905.94611164149
2016-12-28,6808.84165243231
2016-12-29,6711.6376273291
2016-12-30,6614.33290893337
2016-12-31,6516.95341632357
2017-01-01,6419.55291947016
2017-01-02,6322.21408491667
2017-01-03,6225.04977967049
2017-01-04,6128.20464442674
2017-01-05,6031.85693981746
2017-01-06,5936.22066015557
2017-01-07,5841.54789798288
2017-01-08,5748.13142957573
2017-01-09,5656.30747645438
2017-01-10,5566.4585810887
2017-01-11,5479.01651677588
2017-01-12,5394.46513270357
2017-01-13,5313.3430163526
2017-01-14,5236.24583775312
2017-01-15,5163.82822501891
2017-01-16,5096.80500958288
2017-01-17,5035.95167426519
2017-01-18,4982.10383934303
2017-01-19,4936.15563259325
2017-01-20,4899.05680993883
2017-01-21,4871.80852439152
2017-01-22,4855.45768227831
2017-01-23,4851.0898762429
2017-01-24,4859.82094227915
2017-01-25,4882.78725023845
2017-01-26,4921.13490024354
2017-01-27,4976.00805711251
2017-01-28,5048.53670693192
2017-01-29,5139.82416023669
2017-01-30,5250.9346514118
2017-01-31,5382.88139152137
2017-02-01,5536.61542069553
2017-02-02,5713.01557684769
2017-02-03,5912.87985167445
2017-02-04,6136.9183457192
2017-02-05,6385.74796580435
2017-02-06,6659.88893495029
2017-02-07,6959.76311165767
2017-02-08,7285.69404644437
2017-02-09,7637.90864237398
2017-02-10,8016.54023561962
2017-02-11,8421.63287339909
2017-02-12,8853.14654038187
2017-02-13,9310.96307041278
2017-02-14,9794.89247692943
2017-02-15,10304.6794410373
2017-02-16,10840.0097089256
2017-02-17,11400.5161681851
2017-02-18,11985.7843939023
2017-02-19,12595.3574787145
2017-02-20,13228.7399853814
2017-02-21,13885.4008853226
2017-02-22,14564.7753719873
2017-02-23,15266.2654641953
2017-02-24,15989.2393424439
2017-02-25,16733.0293914742
2017-02-26,17496.9289561216
2017-02-27,18280.1878554708
2017-02-28,19082.0067432135
2017-03-01,19901.5304499752
2017-03-02,20737.8404957828
2017-03-03,21589.9470164833
2017-03-04,22456.7804046779
2017-03-05,23337.1830204786
2017-03-06,24229.9013762033
2017-03-07,25133.5792372943
2017-03-08,26046.7521042655
2017-03-09,26967.8435423155
2017-03-10,27895.1638020785
2017-03-11,28826.9111236633
2017-03-12,29761.1760355026
2017-03-13,30695.9488507558
2017-03-14,31629.1304311106
2017-03-15,32558.5461374996
2017-03-16,33481.9627287832
2017-03-17,34397.1078137685
2017-03-18,35301.6913208775
2017-03-19,36193.4283345768
2017-03-20,37070.0625679805
2017-03-21,37929.3897035332
2017-03-22,38769.2798414865
2017-03-23,39587.6983480356
2017-03-24,40382.7244866874
2017-03-25,41152.5673395665
2017-03-26,41895.5786695946
2017-03-27,42610.262528309
2017-03-28,43295.2815662644
2017-03-29,43949.4601434069
2017-03-30,44571.7844575853
2017-03-31,45161.4000050393
2017-04-01,45717.6067546022
2017-04-02,46239.8524572321
2017-04-03,46727.7245262962
2017-04-04,47180.9409151682
2017-04-05,47599.3403916103
2017-04-06,47982.8725678381
2017-04-07,48331.5879958582
2017-04-08,48645.6285838407
2017-04-09,48925.2185345935
2017-04-10,49170.6559544086
2017-04-11,49382.3052317369
2017-04-12,49560.5902415693
2017-04-13,49705.9883937662
2017-04-14,49819.0255120208
2017-04-15,49900.2715044869
2017-04-16,49950.3367668854
2017-04-17,49969.8692435567
2017-04-18,49959.5520608217
2017-04-19,49920.1016395559
2017-04-20,49852.2661895484
2017-04-21,49756.8244865891
2017-04-22,49634.5848340106
2017-04-23,49486.3841134086
2017-04-24,49313.0868343951
2017-04-25,49115.5841004702
2017-04-26,48894.7924174461
2017-04-27,48651.6522823034
2017-04-28,48387.1265038314
2017-04-29,48102.1982217259
2017-04-30,47797.8686076432
2017-05-01,47475.1542495472
2017-05-02,47135.0842388553
2017-05-03,46778.6969975574
2017-05-04,46407.0368987223
2017-05-05,46021.1507476526
2017-05-06,45622.0842014939
2017-05-07,45210.8782116296
2017-05-08,44788.5655751686
2017-05-09,44356.1676791495
2017-05-10,43914.6915138916
2017-05-11,43465.1270208161
2017-05-12,43008.4448258902
2017-05-13,42545.5943937225
2017-05-14,42077.5026204506
2017-05-15,41605.072867122
2017-05-16,41129.1844203079
2017-05-17,40650.6923540573
2017-05-18,40170.4277575042
2017-05-19,39689.1982857188
2017-05-20,39207.7889876471
2017-05-21,38726.9633638941
2017-05-22,38247.4646081413
2017-05-23,37770.0169885477
2017-05-24,37295.3273289099
2017-05-25,36824.0865530575
2017-05-26,36356.9712594115
2017-05-27,35894.6452954657
2017-05-28,35437.7613039019
2017-05-29,34986.9622130199
2017-05-30,34542.8826441637
2017-05-31,34106.1502079986
2017-06-01,33677.3866600322
2017-06-02,33257.2088839784
2017-06-03,32846.2296697331
2017-06-04,32445.0582512279
2017-06-05,32054.3005685637
2017-06-06,31674.5592189749
2017-06-07,31306.4330625843
2017-06-08,30950.5164518923
2017-06-09,30607.3980586542
2017-06-10,30277.6592784113
2017-06-11,29961.8722014568
2017-06-12,29660.5971494235
2017-06-13,29374.3797887681
2017-06-14,29103.7478459479
2017-06-15,28849.2074636022
2017-06-16,28611.2392520544
2017-06-17,28390.2941052994
2017-06-18,28186.7888646293
2017-06-19,28001.1019254055
2017-06-20,27833.5688924604
2017-06-21,27684.4783964531
2017-06-22,27554.0681866182
2017-06-23,27442.5216142334
2017-06-24,27349.9646155308
2017-06-25,27276.4632926451
2017-06-26,27222.0221767455
2017-06-27,27186.5832392307
2017-06-28,27170.0256954882
2017-06-29,27172.1666221847
2017-06-30,27192.7623844156
2017-07-01,27231.5108444876
2017-07-02,27288.0543007703
2017-07-03,27361.983084023
2017-07-04,27452.8397208007
2017-07-05,27560.1235596884
2017-07-06,27683.295746663
2017-07-07,27821.7844310498
2017-07-08,27974.9900832414
2017-07-09,28142.2908092894
2017-07-10,28323.047555141
2017-07-11,28516.6091040226
2017-07-12,28722.3167835192
2017-07-13,28939.5088134577
2017-07-14,29167.5242410365
2017-07-15,29405.7064250014
2017-07-16,29653.4060454805
2017-07-17,29909.9836298238
2017-07-18,30174.8115971133
2017-07-19,30447.2758346533
2017-07-20,30726.7768286224
2017-07-21,31012.7303781291
2017-07-22,31304.5679272648
2017-07-23,31601.7365535016
2017-07-24,31903.6986531382
2017-07-25,32209.9313656462
2017-07-26,32519.925778942
2017-07-27,32833.1859570008
2017-07-28,33149.227830039
2017-07-29,33467.5779858878
2017-07-30,33787.7723993112
2017-07-31,34109.3551339934
2017-08-01,34431.8770498344
2017-08-02,34754.8945460918
2017-08-03,35077.9683688532
2017-08-04,35400.6625093143
2017-08-05,35722.5432173908
2017-08-06,36043.1781532835
2017-08-07,36362.1356977266
2017-08-08,36678.9844397492
2017-08-09,36993.2928588126
2017-08-10,37304.6292161079
2017-08-11,37612.5616675541
2017-08-12,37916.6586085452
2017-08-13,38216.4892577001
2017-08-14,38511.624483674
2017-08-15,38801.6378754418
2017-08-16,39086.1070522608
2017-08-17,39364.6152047261
2017-08-18,39636.7528528763
2017-08-19,39902.1198012042
2017-08-20,40160.3272636846
2017-08-21,40411.0001246519
2017-08-22,40653.7792936942
2017-08-23,40888.3241049217
2017-08-24,41114.3147033392
2017-08-25,41331.4543540325
2017-08-26,41539.4716039413
2017-08-27,41738.1222217306
2017-08-28,41927.1908392308
2017-08-29,42106.4922187027
2017-08-30,42275.8720742674
2017-08-31,42435.2073836012
2017-09-01,42584.4061375961
2017-09-02,42723.4064910437
2017-09-03,42852.1752961396
2017-09-04,42970.7060220449
2017-09-05,43079.0160869032
2017-09-06,43177.1436523754
2017-09-07,43265.1439535398
2017-09-08,43343.0852574711
2017-09-09,43411.0445606
2017-09-10,43469.1031469063
2017-09-11,43517.3421352539
2017-09-12,43555.8381443115
2017-09-13,43584.6591974987
2017-09-14,43603.8609787138
2017-09-15,43613.4835330636
2017-09-16,43613.5484865858
2017-09-17,43604.0568363558
2017-09-18,43584.9873388223
2017-09-19,43556.2955010415
2017-09-20,43517.9131578872
2017-09-21,43469.7485992289
2017-09-22,43411.6871951589
2017-09-23,43343.5924550006
2017-09-24,43265.3074471343
2017-09-25,43176.656501547
2017-09-26,43077.4471151635
2017-09-27,42967.4719811016
2017-09-28,42846.5110666243
2017-09-29,42714.3336703656
2017-09-30,42570.7003971009
2017-10-01,42415.3649976731
2017-10-02,42248.076032571
2017-10-03,42068.5783299703
2017-10-04,41876.6142227747
2017-10-05,41671.9245642228
2017-10-06,41454.2495377834
2017-10-07,41223.3292939944
2017-10-08,40978.9044640371
2017-10-09,40720.7166163352
2017-10-10,40448.5087372146
2017-10-11,40162.0258283191
2017-10-12,39861.0157205527
2017-10-13,39545.2302053589
2017-10-14,39214.4265778981
2017-10-15,38868.369672345
2017-10-16,38506.8344469771
2017-10-17,38129.6091466978
2017-10-18,37736.4990347908
2017-10-19,37327.3306465989
2017-10-20,36901.9564787049
2017-10-21,36460.2599916662
2017-10-22,36002.1607759515
2017-10-23,35527.6197124021
2017-10-24,35036.6439523159
2017-10-25,34529.291548844
2017-10-26,34005.6755901925
2017-10-27,33465.9677141791
2017-10-28,32910.4009201259
2017-10-29,32339.2716343298
2017-10-30,31752.941025815
2017-10-31,31151.8356063776
2017-11-01,30536.4471803831
2017-11-02,29907.3322335224
2017-11-03,29265.1108648323
2017-11-04,28610.4653726419
2017-11-05,27944.1386033342
2017-11-06,27266.9321629601
2017-11-07,26579.7045771792
2017-11-08,25883.3694660768
2017-11-09,25178.8937784606
2017-11-10,24467.2961063489
2017-11-11,23749.6450754441
2017-11-12,23027.0577820421
2017-11-13,22300.6982215912
2017-11-14,21571.7756293037
2017-11-15,20841.5426292368
2017-11-16,20111.2930655043
2017-11-17,19382.3593684291
2017-11-18,18656.1092904012
2017-11-19,17933.9418323006
2017-11-20,17217.2821732743
2017-11-21,16507.5754166402
2017-11-22,15806.2789752506
2017-11-23,15114.853443665
2017-11-24,14434.7518447474
2017-11-25,13767.4071973818
2017-11-26,13114.2184315425
2017-11-27,12476.5347772604
2017-11-28,11855.6388732545
2017-11-29,11252.7289746885
2017-11-30,10668.900779965
2017-12-01,10105.1295327494
2017-12-02,9562.25317356483
2017-12-03,9040.95739942555
2017-12-04,8541.76352382497
2017-12-05,8065.01999868403
2017-12-06,7610.89835482354
2017-12-07,7179.39413554794
2017-12-08,6770.33314539261
2017-12-09,6383.38302922877
2017-12-10,6018.06986090399
2017-12-11,5673.79908708139
2017-12-12,5349.87987495765
2017-12-13,5045.55168373677
2017-12-14,4760.01174350978
2017-12-15,4492.44209502838
2017-12-16,4242.03492032085
2017-12-17,4008.01506514851
2017-12-18,3789.65889756748
2017-12-19,3586.30893356465
2017-12-20,3397.38396013004
2017-12-21,3222.38466986353
2017-12-22,3060.8950666144
2017-12-23,2912.58009373247
2017-12-24,2777.18006839521
2017-12-25,2654.50257770662
2017-12-26,2544.41251111997
2017-12-27,2446.82087927584
2017-12-28,2361.67301334824
2017-12-29,2288.93666327257
2017-12-30,2228.59042835914
2017-12-31,2180.61286833923
2018-01-01,2144.97256306311
2018-01-02,2121.61931875824
2018-01-03,2110.47665975505
2018-01-04,2111.43569698651
2018-01-05,2124.3504271597
2018-01-06,2149.03448721825
2018-01-07,2185.2593650223
2018-01-08,2232.75404640622
2018-01-09,2291.20605844995
2018-01-10,2360.26384688321
2018-01-11,2439.5404006606
2018-01-12,2528.61800837622
2018-01-13,2627.0539997494
2018-01-14,2734.38729232183
2018-01-15,2850.14553107298
2018-01-16,2973.85257992912
2018-01-17,3105.03610254537
2018-01-18,3243.23495871632
2018-01-19,3388.00614524449
2018-01-20,3538.9310280312
2018-01-21,3695.62064610774
2018-01-22,3857.7199172235
2018-01-23,4024.91063567118
2018-01-24,4196.91322200232
2018-01-25,4373.48725583211
2018-01-26,4554.43089127188
2018-01-27,4739.57931408573
2018-01-28,4928.80244577032
2018-01-29,5122.00212910807
2018-01-30,5319.10904078657
2018-01-31,5520.07956961842
2018-02-01,5724.89287558301
2018-02-02,5933.5483084374
2018-02-03,6146.06331892182
2018-02-04,6362.47194482224
2018-02-05,6582.8239024379
2018-02-06,6807.1842649105
2018-02-07,7035.63366529216
2018-02-08,7268.26892620672
2018-02-09,7505.20399076508
2018-02-10,7746.57101155673
2018-02-11,7992.5214460326
2018-02-12,8243.22700694559
2018-02-13,8498.88032499467
2018-02-14,8759.6951965047
2018-02-15,9025.90631089176
2018-02-16,9297.76837977341
2018-02-17,9575.5546208594
2018-02-18,9859.55458410504
2018-02-19,10150.0713439036
2018-02-20,10447.4181180852
2018-02-21,10751.9144108229
2018-02-22,11063.8818106856
2018-02-23,11383.6396053621
2018-02-24,11711.5003991856
2018-02-25,12047.7659366781
2018-02-26,12392.723343042
2018-02-27,12746.6419892184
2018-02-28,13109.7711734581
2018-03-01,13482.33878252
2018-03-02,13864.5510535127
2018-03-03,14256.5935028169
2018-03-04,14658.6330232306
2018-03-05,15070.8210773209
2018-03-06,15493.2978377547
2018-03-07,15926.197048826
2018-03-08,16369.6513127432
2018-03-09,16823.7974449738
2018-03-10,17288.7815002532
2018-03-11,17764.7630492401
2018-03-12,18251.9182884775
2018-03-13,18750.4415949858
2018-03-14,19260.5451912443
2018-03-15,19782.4566643964
2018-03-16,20316.4141812297
2018-03-17,20862.6593523249
2018-03-18,21421.4278180423
2018-03-19,21992.9377485121
2018-03-20,22577.3765622473
2018-03-21,23174.8862667681
2018-03-22,23785.5479040603
2018-03-23,24409.3656396069
2018-03-24,25046.2510635239
2018-03-25,25696.0082751534
2018-03-26,26358.3202990613
2018-03-27,27032.7373329881
2018-03-28,27718.6672603309
2018-03-29,28415.3687755198
2018-03-30,29121.9473750627
2018-03-31,29837.3543651949
2018-04-01,30560.3889340104
2018-04-02,31289.7032364097
2018-04-03,32023.8103482961
2018-04-04,32761.0948656411
2018-04-05,33499.8258568908
2018-04-06,34238.171825411
2018-04-07,34974.2173030494
2018-04-08,35705.9806763785
2018-04-09,36431.4328429359
2018-04-10,37148.5163043545
2018-04-11,37855.1643246867
2018-04-12,38549.3198132086
2018-04-13,39228.9536290371
2018-04-14,39892.0820475664
2018-04-15,40536.7831736072
2018-04-16,41161.2121310823
2018-04-17,41763.6149023144
2018-04-18,42342.3407298926
2018-04-19,42895.8530296789
2018-04-20,43422.7387940298
2018-04-21,43921.7164893747
2018-04-22,44391.642471925
2018-04-23,44831.5159596976
2018-04-24,45240.4826087497
2018-04-25,45617.836747178
2018-04-26,45963.0223228485
2018-04-27,46275.6326208439
2018-04-28,46555.4088051587
2018-04-29,46802.2373371093
2018-04-30,47016.1463211055
2018-05-01,47197.3008275853
2018-05-02,47345.9972436719
2018-05-03,47462.6567049364
2018-05-04,47547.817666831
2018-05-05,47602.1276819668
2018-05-06,47626.3344593136
2018-05-07,47621.2762932218
2018-05-08,47587.8719633281
2018-05-09,47527.1102201064
2018-05-10,47440.0389841385
2018-05-11,47327.7543990305
2018-05-12,47191.3898872452
2018-05-13,47032.1053638966
2018-05-14,46851.0767649201
2018-05-15,46649.4860423033
2018-05-16,46428.5117699333
2018-05-17,46189.3204890779
2018-05-18,45933.0589030004
2018-05-19,45660.8470064893
2018-05-20,45373.772209296
2018-05-21,45072.8844839827
2018-05-22,44759.1925400378
2018-05-23,44433.6609988465
2018-05-24,44097.2085196976
2018-05-25,43750.7068066727
2018-05-26,43394.9804109588
2018-05-27,43030.8072333748
2018-05-28,42658.9196278804
2018-05-29,42280.0060082586
2018-05-30,41894.7128664496
2018-05-31,41503.6471212328
2018-06-01,41107.3787290171
2018-06-02,40706.443503153
2018-06-03,40301.3461031839
2018-06-04,39892.5631695746
2018-06-05,39480.5465916308
2018-06-06,39065.7269055895
2018-06-07,38648.516825533
2018-06-08,38229.3149113266
2018-06-09,37808.509374979
2018-06-10,37386.4820196155
2018-06-11,36963.6122939171
2018-06-12,36540.2814298495
2018-06-13,36116.8766135689
2018-06-14,35693.7951194959
2018-06-15,35271.4483169785
2018-06-16,34850.265439168
2018-06-17,34430.6969864214
2018-06-18,34013.2176235007
2018-06-19,33598.3284229546
2018-06-20,33186.5583080763
2018-06-21,32778.4645592457
2018-06-22,32374.6322682977
2018-06-23,31975.6726571855
2018-06-24,31582.2202191013
2018-06-25,31194.9286909028
2018-06-26,30814.4659225663
2018-06-27,30441.5077689429
2018-06-28,30076.7311869648
2018-06-29,29720.8067729015
2018-06-30,29374.3910145327
2018-07-01,29038.1185580584
2018-07-02,28712.5947960894
2018-07-03,28398.3890696686
2018-07-04,28096.0287442126
2018-07-05,27805.9943687489
2018-07-06,27528.7160637122
2018-07-07,27264.5712100428
2018-07-08,27013.8834372672
2018-07-09,26776.922836585
2018-07-10,26553.9072620576
2018-07-11,26345.0045330187
2018-07-12,26150.3353165169
2018-07-13,25969.9764510771
2018-07-14,25803.9644718902
2018-07-15,25652.2991109586
2018-07-16,25514.9465710612
2018-07-17,25391.842406436
2018-07-18,25282.8938824422
2018-07-19,25187.9817280341
2018-07-20,25106.9612359199
2018-07-21,25039.6627037311
2018-07-22,24985.8912439192
2018-07-23,24945.4260196485
2018-07-24,24918.0189883763
2018-07-25,24903.3932542991
2018-07-26,24901.2411458384
2018-07-27,24911.222145462
2018-07-28,24932.9608070355
2018-07-29,24966.0448011205
2018-07-30,25010.0232315798
2018-07-31,25064.4053676435
2018-08-01,25128.6599340931
2018-08-02,25202.2150979626
2018-08-03,25284.459282366
2018-08-04,25374.742925711
2018-08-05,25472.3812864252
2018-08-06,25576.6583681455
2018-08-07,25686.8320069757
2018-08-08,25802.1401201371
2018-08-09,25921.8080640323
2018-08-10,26045.0569902158
2018-08-11,26171.1130220692
2018-08-12,26299.2170065002
2018-08-13,26428.6345285628
2018-08-14,26558.6658185659
2018-08-15,26688.655137866
2018-08-16,26817.9992080409
2018-08-17,26946.1542546126
2018-08-18,27072.6412750933
2018-08-19,27197.0492131476
2018-08-20,27319.0358237153
2018-08-21,27438.3261417248
2018-08-22,27554.7086096316
2018-08-23,27668.0290638897
2018-08-24,27778.1829139148
2018-08-25,27885.1059561318
2018-08-26,27988.7643397933
2018-08-27,28089.1442338549
2018-08-28,28186.2417335251
2018-08-29,28280.0534942374
2018-08-30,28370.5684969717
2018-08-31,28457.7612422128
2018-09-01,28541.5865518537
2018-09-02,28621.9760402535
2018-09-03,28698.836207128
2018-09-04,28772.0480132029
2018-09-05,28841.4677290035
2018-09-06,28906.9287994297
2018-09-07,28968.2444411419
2018-09-08,29025.2106838255
2018-09-09,29077.6095765991
2018-09-10,29125.2123032965
2018-09-11,29167.7819812929
2018-09-12,29205.0759546878
2018-09-13,29236.8474314167
2018-09-14,29262.8463534804
2018-09-15,29282.8194289395
2018-09-16,29296.5092933055
2018-09-17,29303.6528066807
2018-09-18,29303.9785320093
2018-09-19,29297.2034798527
2018-09-20,29283.0292468803
2018-09-21,29261.1377192475
2018-09-22,29231.1865582081
2018-09-23,29192.8047330006
2018-09-24,29145.5884136599
2018-09-25,29089.0975812349
2018-09-26,29022.8537509765
2018-09-27,28946.339230122
2018-09-28,28858.9983395001
2018-09-29,28760.2410100319
2018-09-30,28649.4491138622
2018-10-01,28525.9857987369
2018-10-02,28389.2079589204
2018-10-03,28238.4817957788
2018-10-04,28073.201200858
2018-10-05,27892.8084452598
2018-10-06,27696.8164000616
2018-10-07,27484.831268888
2018-10-08,27256.5746157327
2018-10-09,27011.9033501338
2018-10-10,26750.8263155452
2018-10-11,26473.5162338375
2018-10-12,26180.3159939409
2018-10-13,25871.7386231787
2018-10-14,25548.4607158824
2018-10-15,25211.3095710284
2018-10-16,24861.244756294
2018-10-17,24499.3352173652
2018-10-18,24126.7333442806
2018-10-19,23744.6475621542
2018-10-20,23354.3150222738
2018-10-21,22956.9758413712
2018-10-22,22553.850098237
2018-10-23,22146.1184848005
2018-10-24,21734.9071641433
2018-10-25,21321.2770489307
2018-10-26,20906.217411401
2018-10-27,20490.6434912514
2018-10-28,20075.3975908888
2018-10-29,19661.253039396
2018-10-30,19248.9203608681
2018-10-31,18839.0549884012
2018-11-01,18432.2659088012
2018-11-02,18029.124691673
2018-11-03,17630.1744379844
2018-11-04,17235.9382676381
2018-11-05,16846.9270456952
2018-11-06,16463.6461177497
2018-11-07,16086.6008838051
2018-11-08,15716.3010858381
2018-11-09,15353.2637174104
2018-11-10,14998.0144855484
2018-11-11,14651.0877677395
2018-11-12,14313.0250128731
2018-11-13,13984.3715373112
2018-11-14,13665.6716693475
2018-11-15,13357.4622008269
2018-11-16,13060.2641176375
2018-11-17,12774.5726054289
2018-11-18,12500.8453675799
2018-11-19,12239.4893532772
2018-11-20,11990.846077974
2018-11-21,11755.1758284721
2018-11-22,11532.6411799575
2018-11-23,11323.290408603
2018-11-24,11127.0415521328
2018-11-25,10943.6680377357
2018-11-26,10772.7869415067
2018-11-27,10613.8510404023
2018-11-28,10466.1458373198
2018-11-29,10328.792653579
2018-11-30,10200.7586678683
2018-12-01,10080.8744259994
2018-12-02,9967.85885967907
2018-12-03,9860.35126615964
2018-12-04,9756.94906909119
2018-12-05,9656.24957847572
2018-12-06,9556.8934777117
2018-12-07,9457.60746639033
2018-12-08,9357.24343561568
2018-12-09,9254.81177053927
2018-12-10,9149.50684345815
2018-12-11,9040.72342157031
2018-12-12,8928.06347858062
2018-12-13,8811.33366870341
2018-12-14,8690.53440129195
2018-12-15,8565.84197247244
2018-12-16,8437.58552664352
2018-12-17,8306.22072928101
2018-12-18,8172.30195611475
2018-12-19,8036.45458539859
2018-12-20,7899.34867188631
2018-12-21,7761.67493490763
2018-12-22,7624.12365251148
2018-12-23,7487.36675126051
2018-12-24,7352.04313654939
2018-12-25,7218.74712955978
2018-12-26,7088.01976353653
2018-12-27,6960.34263736142
2018-12-28,6836.13401843138
2018-12-29,6715.74691839493
2018-12-30,6599.46892329037
2018-12-31,6487.52363393948
2019-01-01,6380.0736541486
2019-01-02,6277.22514553738
2019-01-03,6179.03404161645
2019-01-04,6085.51407345206
2019-01-05,5996.64679833852
2019-01-06,5912.3938347024
2019-01-07,5832.71148427959
2019-01-08,5757.56786006588
2019-01-09,5686.96253033267
2019-01-10,5620.94853203688
2019-01-11,5559.65640182616
2019-01-12,5503.31962550757
2019-01-13,5452.30063021273
2019-01-14,5407.11615853497
2019-01-15,5368.46059982337
2019-01-16,5337.22564665372
2019-01-17,5314.51453395862
2019-01-18,5301.64914253924
2019-01-19,5300.16843753726
2019-01-20,5311.81708008125
2019-01-21,5338.5235887975
2019-01-22,5382.36810342782
2019-01-23,5445.54055643293
2019-01-24,5530.29081175354
2019-01-25,5638.87299562449
2019-01-26,5773.48674026938
2019-01-27,5936.21832437313
2019-01-28,6128.98469182957
2019-01-29,6353.4830659859
2019-01-30,6611.14838912158
2019-01-31,6903.12017221065
2019-02-01,7230.21961926256
2019-02-02,7592.93717608939
2019-02-03,7991.43001643457
2019-02-04,8425.5284703158
2019-02-05,8894.75004769023
2019-02-06,9398.3195194914
2019-02-07,9935.19347319475
2019-02-08,10504.0878339952
2019-02-09,11103.5070018658
2019-02-10,11731.7734650227
2019-02-11,12387.0569811379
2019-02-12,13067.402644506
2019-02-13,13770.7573628941
2019-02-14,14494.9944412875
2019-02-15,15237.9361064274
2019-02-16,15997.3739055914
2019-02-17,16771.0869784278
2019-02-18,17556.8582366817
2019-02-19,18352.4884993039
2019-02-20,19155.8086259799
2019-02-21,19964.6896768022
2019-02-22,20777.0511054901
2019-02-23,21590.866973761
2019-02-24,22404.1701600804
2019-02-25,23215.0545315799
2019-02-26,24021.6750572291
2019-02-27,24822.2458665697
2019-02-28,25615.0363035821
2019-03-01,26398.36509052
2019-03-02,27170.5928010584
2019-03-03,27930.1129431707
2019-03-04,28675.3420646581
2019-03-05,29404.7094106108
2019-03-06,30116.6467722008
2019-03-07,30809.5792580279
2019-03-08,31481.9177795125
2019-03-09,32132.0540575484
2019-03-10,32758.3589176318
2019-03-11,33359.1845376433
2019-03-12,33932.8711446137
2019-03-13,34477.7584293785
2019-03-14,34992.2016737565
2019-03-15,35474.5922835817
2019-03-16,35923.3821176629
2019-03-17,36337.1107252758
2019-03-18,36714.4343799209
2019-03-19,37054.1556471911
2019-03-20,37355.2521644368
2019-03-21,37616.90334465
2019-03-22,37838.5138414872
2019-03-23,38019.7328122497
2019-03-24,38160.4682694812
2019-03-25,38260.8960943384
2019-03-26,38321.4635702244
2019-03-27,38342.8875601595
2019-03-28,38326.1476777743
2019-03-29,38272.4749776813
2019-03-30,38183.3368109353
2019-03-31,38060.4185559152
2019-04-01,37905.6029495812
2019-04-02,37720.9477172602
2019-04-03,37508.6621411186
2019-04-04,37271.0831288447
2019-04-05,37010.6512545751
2019-04-06,36729.8871521001
2019-04-07,36431.3685524155
2019-04-08,36117.7081783664
2019-04-09,35791.5326413617
2019-04-10,35455.462430249
2019-04-11,35112.0930406019
2019-04-12,34763.977263114
2019-04-13,34413.6086311857
2019-04-14,34063.4060183923
2019-04-15,33715.6993744809
2019-04-16,33372.7165919355
2019-04-17,33036.5715021707
2019-04-18,32709.2530093838
2019-04-19,32392.615379551
2019-04-20,32088.369710714
2019-04-21,31798.0766175701
2019-04-22,31523.1401676299
2019-04-23,31264.8031073225
2019-04-24,31024.1434140543
2019-04-25,30802.0722043001
2019-04-26,30599.3330184273
2019-04-27,30416.5024904505
2019-04-28,30253.9923957656
2019-04-29,30112.0530527628
2019-04-30,29990.7780357906
2019-05-01,29890.1101380478
2019-05-02,29809.8485044431
2019-05-03,29749.6568370697
2019-05-04,29709.0725604404
2019-05-05,29687.5168206349
2019-05-06,29684.3051825088
2019-05-07,29698.6588824344
2019-05-08,29729.7164908307
2019-05-09,29776.545838967
2019-05-10,29838.1560679949
2019-05-11,29913.5096645367
2019-05-12,30001.5343559607
2019-05-13,30101.1347491561
2019-05-14,30211.2036085713
2019-05-15,30330.6326818855
2019-05-16,30458.3229943358
2019-05-17,30593.1945448934
2019-05-18,30734.1953487137
2019-05-19,30880.3097802287
2019-05-20,31030.5661797021
2019-05-21,31184.0436929201
2019-05-22,31339.878319031
2019-05-23,31497.2681455262
2019-05-24,31655.4777523024
2019-05-25,31813.841769051
2019-05-26,31971.7675723679
2019-05-27,32128.7371114819
2019-05-28,32284.3078548926
2019-05-29,32438.1128549656
2019-05-30,32589.8599340747
2019-05-31,32739.3300044735
2019-06-01,32886.3745448496
2019-06-02,33030.9122693713
2019-06-03,33172.925039664
2019-06-04,33312.4530860301
2019-06-05,33449.5896205691
2019-06-06,33584.4749407516
2019-06-07,33717.2901363705
2019-06-08,33848.2505245449
2019-06-09,33977.5989455363
2019-06-10,34105.5990556584
2019-06-11,34232.5287518907
2019-06-12,34358.6738556567
2019-06-13,34484.3221707017
2019-06-14,34609.7580126469
2019-06-15,34735.257286524
2019-06-16,34861.0831646841
2019-06-17,34987.4823924128
2019-06-18,35114.6822239753
2019-06-19,35242.8879692043
2019-06-20,35372.2811115174
2019-06-21,35503.0179434765
2019-06-22,35635.228656385
2019-06-23,35769.0168162204
2019-06-24,35904.4591592814
2019-06-25,36041.6056467463
2019-06-26,36180.4797270544
2019-06-27,36321.0787675872
2019-06-28,36463.3746313641
2019-06-29,36607.3143892214
2019-06-30,36752.8211721058
2019-07-01,36899.7951807374
2019-07-02,37048.114880221
2019-07-03,37197.6384146521
2019-07-04,37348.2052810252
2019-07-05,37499.6383026538
2019-07-06,37651.7459398586
2019-07-07,37804.3249700078
2019-07-08,37957.1635603306
2019-07-09,38110.0447455554
2019-07-10,38262.7503086895
2019-07-11,38415.0650474901
2019-07-12,38566.7813917385
2019-07-13,38717.7043177042
2019-07-14,38867.6564865551
2019-07-15,39016.4835133902
2019-07-16,39164.0592535532
2019-07-17,39310.2909735254
2019-07-18,39455.1242557591
2019-07-19,39598.5474711529
2019-07-20,39740.5956405613
2019-07-21,39881.3534989587
2019-07-22,40020.9575739979
2019-07-23,40159.5970961062
2019-07-24,40297.5135713626
2019-07-25,40434.9988724175
2019-07-26,40572.3917376095
2019-07-27,40710.0726146016
2019-07-28,40848.456842036
2019-07-29,40987.9862296886
2019-07-30,41129.1191721529
2019-07-31,41272.3195098336
2019-08-01,41418.0444295312
2019-08-02,41566.7317698138
2019-08-03,41718.7871578238
2019-08-04,41874.5714482187
2019-08-05,42034.3889562222
2019-08-06,42198.4769711126
2019-08-07,42366.9970015729
2019-08-08,42540.0281401723
2019-08-09,42717.5628434165
2019-08-10,42899.5053114028
2019-08-11,43085.6725244406
2019-08-12,43275.7978618431
2019-08-13,43469.5370999182
2019-08-14,43666.4764710968
2019-08-15,43866.1423719667
2019-08-16,44068.0122405405
2019-08-17,44271.5260856148
2019-08-18,44476.0981441388
2019-08-19,44681.1281641124
2019-08-20,44886.0118565899
2019-08-21,45090.1501253228
2019-08-22,45292.9567601597
2019-08-23,45493.8643641961
2019-08-24,45692.3283690861
2019-08-25,45887.8290731435
2019-08-26,46079.871709399
2019-08-27,46267.9846135394
2019-08-28,46451.7156138037
2019-08-29,46630.6268067645
2019-08-30,46804.2879156303
2019-08-31,46972.2684530381
2019-09-01,47134.1289303095
2019-09-02,47289.4113719396
2019-09-03,47437.6294095756
2019-09-04,47578.2582454775
2019-09-05,47710.7247923997
2019-09-06,47834.3983153343
2019-09-07,47948.5819201244
2019-09-08,48052.5052533233
2019-09-09,48145.3187946551
2019-09-10,48226.0901350458
2019-09-11,48293.8026356726
2019-09-12,48347.3568525295
2019-09-13,48385.5750820244
2019-09-14,48407.2093316403
2019-09-15,48410.9529419008
2019-09-16,48395.4559792267
2019-09-17,48359.3443831656
2019-09-18,48301.2426879496
2019-09-19,48219.7999525597
2019-09-20,48113.7183340987
2019-09-21,47981.7835383434
2019-09-22,47822.8961937707
2019-09-23,47636.103037915
2019-09-24,47420.6266946342
2019-09-25,47175.8927732189
2019-09-26,46901.5530470035
2019-09-27,46597.5035764176
2019-09-28,46263.8968283447
2019-09-29,45901.1471016392
2019-09-30,45509.9288816361
2019-10-01,45091.1680923799
2019-10-02,44646.0265680864
2019-10-03,44175.8803980581
2019-10-04,43682.2930868633
2019-10-05,43166.9846937335
2019-10-06,42631.7982582856
2019-10-07,42078.6648780531
2019-10-08,41509.5687790335
2019-10-09,40926.5136225029
2019-10-10,40331.4911339284
2019-10-11,39726.4529402335
2019-10-12,39113.286278264
2019-10-13,38493.7940073821
2019-10-14,37869.6791376553
2019-10-15,37242.5338836338
2019-10-16,36613.8330801331
2019-10-17,35984.9316549445
2019-10-18,35357.0657450996
2019-10-19,34731.3569667258
2019-10-20,34108.8193005496
2019-10-21,33490.3680315339
2019-10-22,32876.830177527
2019-10-23,32268.9558538296
2019-10-24,31667.4300445377
2019-10-25,31072.8842843973
2019-10-26,30485.9077946566
2019-10-27,29907.0576617176
2019-10-28,29336.8676977858
2019-10-29,28775.8556781918
2019-10-30,28224.5287109548
2019-10-31,27683.3865608483
2019-11-01,27152.9228228949
2019-11-02,26633.6239185218
2019-11-03,26125.9659705689
2019-11-04,25630.4096990458
2019-11-05,25147.3935652319
2019-11-06,24677.3254736957
2019-11-07,24220.5734157601
2019-11-08,23777.4554990667
2019-11-09,23348.2298515232
2019-11-10,22933.084909849
2019-11-11,22532.1306000592
2019-11-12,22145.3908879184
2019-11-13,21772.7981219428
2019-11-14,21414.1895122189
2019-11-15,21069.305989454
2019-11-16,20737.7935762457
2019-11-17,20419.2072837601
2019-11-18,20113.0174295548
2019-11-19,19818.6181637258
2019-11-20,19535.3378975405
2019-11-21,19262.4512564468
2019-11-22,18999.1921311282
2019-11-23,18744.7673773871
2019-11-24,18498.3707173541
2019-11-25,18259.1964184033
2019-11-26,18026.4523683985
2019-11-27,17799.3722219027
2019-11-28,17577.2263567642
2019-11-29,17359.3314492287
2019-11-30,17145.0585440392
2019-12-01,16933.8395602858
2019-12-02,16725.1722313139
2019-12-03,16518.6235260148
2019-12-04,16313.831638345
2019-12-05,16110.5066617998
2019-12-06,15908.4300861859
2019-12-07,15707.4532662826
2019-12-08,15507.4950169529
2019-12-09,15308.5384882607
2019-12-10,15110.6274684363
2019-12-11,14913.8622533581
2019-12-12,14718.3952096856
2019-12-13,14524.426145845
2019-12-14,14332.197591521
2019-12-15,14141.9900727666
2019-12-16,13954.1174567632
2019-12-17,13768.9224279774
2019-12-18,13586.7721461572
2019-12-19,13408.054126414
2019-12-20,13233.1723725562
2019-12-21,13062.5437868791
2019-12-22,12896.594872679
2019-12-23,12735.7587397933
2019-12-24,12580.4724183449
2019-12-25,12431.1744815128
2019-12-26,12288.3029744533
2019-12-27,12152.2936433762
2019-12-28,12023.5784561796
2019-12-29,11902.5844039028
2019-12-30,11789.7325705477
2019-12-31,11685.4374575188
2020-01-01,11590.1065480478
2020-01-02,11504.1400965045
2020-01-03,11427.931127467
2020-01-04,11361.8656298474
2020-01-05,11306.3229322484
2020-01-06,11261.6762470627
2020-01-07,11228.2933725728
2020-01-08,11206.5375444084
2020-01-09,11196.7684300431
2020-01-10,11199.3432623742
2020-01-11,11214.6181105492
2020-01-12,11242.9492876891
2020-01-13,11284.6948954586
2020-01-14,11340.216503812
2020-01-15,11409.8809597193
2020-01-16,11494.0623099716
2020-01-17,11593.1438086572
2020-01-18,11707.5199575829
2020-01-19,11837.5984954248
2020-01-20,11983.8022060819
2020-01-21,12146.5703559298
2020-01-22,12326.3594912923
2020-01-23,12523.6432307385
2020-01-24,12738.9105739067
2020-01-25,12972.6621265385
2020-01-26,13225.4035250796
2020-01-27,13497.6352592508
2020-01-28,13789.8380767403
2020-01-29,14102.4532644353
2020-01-30,14435.8574000046
2020-01-31,14790.3317201451
2020-02-01,15166.0270984052
2020-02-02,15562.9267506391
2020-02-03,15980.8100783094
2020-02-04,16419.2222815614
2020-02-05,16877.4551653024
2020-02-06,17354.5445036052
2020-02-07,17849.2880766716
2020-02-08,18360.2859590649
2020-02-09,18886.0011274447
2020-02-10,19424.834702037
2020-02-11,19975.2071202393
2020-02-12,20535.6351606242
2020-02-13,21104.7954458249
2020-02-14,21681.5676646837
2020-02-15,22265.0545063339
2020-02-16,22854.5791639527
2020-02-17,23449.664331553
2020-02-18,24049.998361683
2020-02-19,24655.3946169873
2020-02-20,25265.7493309541
2020-02-21,25881.0019516635
2020-02-22,26501.1004200883
2020-02-23,27125.9724525812
2020-02-24,27755.5028256646
2020-02-25,28389.515943017
2020-02-26,29027.7625607248
2020-02-27,29669.9093810242
2020-02-28,30315.5302146865
2020-02-29,30964.0974877562
2020-03-01,31614.9729782498
2020-03-02,32267.3967804301
2020-03-03,32920.4735923359
2020-03-04,33573.1555031323
2020-03-05,34224.2205273707
2020-03-06,34872.2462088946
2020-03-07,35515.5777219113
2020-03-08,36152.2900642766
2020-03-09,36780.1442133008
2020-03-10,37396.537555769
2020-03-11,37998.4495842055
2020-03-12,38582.3848564268
2020-03-13,39144.3166365491
2020-03-14,39679.6365533033
2020-03-15,40183.1180632049
2020-03-16,40648.9044332904
2020-03-17,41070.535128439
2020-03-18,41441.0273970832
2020-03-19,41753.0316204881
2020-03-20,41999.0783268731
2020-03-21,42171.9300332893
2020-03-22,42265.0406077494
2020-03-23,42273.1076226751
2020-03-24,42192.6797892987
2020-03-25,42022.7552482336
2020-03-26,41765.2836109597
2020-03-27,41425.4739204808
2020-03-28,41011.8206034094
2020-03-29,40535.7942397495
2020-03-30,40011.1998049412
2020-03-31,39453.2691793783
2020-04-01,38877.6088555845
2020-04-02,38299.1510876848
2020-04-03,37731.2491593794
2020-04-04,37185.0190526023
2020-04-05,36668.974379104
2020-04-06,36188.9460614703
2020-04-07,35748.2364961453
2020-04-08,35347.9360836738
2020-04-09,34987.3271309646
2020-04-10,34664.3107245334
2020-04-11,34375.8094548487
2020-04-12,34118.1171316496
2020-04-13,33887.1822662293
2020-04-14,33678.8235678769
2020-04-15,33488.8829429952
2020-04-16,33313.3252302454
2020-04-17,33148.2951530434
2020-04-18,32990.1416667824
2020-04-19,32835.4187693037
2020-04-20,32680.8704508873
2020-04-21,32523.4061107331
2020-04-22,32360.0716414421
2020-04-23,32188.0205647388
2020-04-24,32004.4891129598
2020-04-25,31806.7789765685
2020-04-26,31592.2515359652
2020-04-27,31358.3376963812
2020-04-28,31102.5678399435
2020-04-29,30822.6267352399
2020-04-30,30516.4382599094
2020-05-01,30182.2841561606
2020-05-02,29818.9593126052
2020-05-03,29425.9627431338
2020-05-04,29003.7180482745
2020-05-05,28553.8094702138
2020-05-06,28079.2100117825
2020-05-07,27584.4677216453
2020-05-08,27075.8075931246
2020-05-09,26561.1031674146
2020-05-10,26049.6779040116
2020-05-11,25551.914664076
2020-05-12,25078.6821674513
2020-05-13,24640.625249644
2020-05-14,24247.4016789657
2020-05-15,23906.9705448231
2020-05-16,23625.0365738055
2020-05-17,23404.7289434196
2020-05-18,23246.5488338148
2020-05-19,23148.5701424601
2020-05-20,23106.8365785469
2020-05-21,23115.8753559083
2020-05-22,23169.2452205443
2020-05-23,23260.0503680331
2020-05-24,23381.3743396637
2020-05-25,23526.6117146565
2020-05-26,23689.6951093395
2020-05-27,23865.228316778
2020-05-28,24048.5433735034
2020-05-29,24235.70125727
2020-05-30,24423.4545538623
2020-05-31,24609.187368109
2020-06-01,24790.8441593228
2020-06-02,24966.8557706323
2020-06-03,25136.0680486172
2020-06-04,25297.6762223205
2020-06-05,25451.1665957171
2020-06-06,25596.2660062028
2020-06-07,25732.8987966268
2020-06-08,25861.1506302062
2020-06-09,25981.238255081
2020-06-10,26093.4842280158
2020-06-11,26198.2955840037
2020-06-12,26296.1454558626
2020-06-13,26387.5566842837
2020-06-14,26473.0865041435
2020-06-15,26553.311446695
2020-06-16,26628.8116680345
2020-06-17,26700.1540195733
2020-06-18,26767.8733429156
2020-06-19,26832.4517345069
2020-06-20,26894.2959240905
2020-06-21,26953.7134805924
2020-06-22,27010.8893143819
2020-06-23,27065.8648557397
2020-06-24,27118.523249538
2020-06-25,27168.584705271
2020-06-26,27215.6164592356
2020-06-27,27259.0612540418
2020-06-28,27298.2864795497
2020-06-29,27332.6530408676
2020-06-30,27361.5989469828
2020-07-01,27384.7284042826
2020-07-02,27401.8941145167
2020-07-03,27413.2597778994
2020-07-04,27419.332184008
2020-07-05,27420.9574240774
2020-07-06,27419.2823396197
2020-07-07,27415.688453701
2020-07-08,27411.7096520272
2020-07-09,27408.9459791867
2020-07-10,27408.9843124355
2020-07-11,27413.333344926
2020-07-12,27423.3764629145
2020-07-13,27440.3427277104
2020-07-14,27465.2938162242
2020-07-15,27499.123538515
2020-07-16,27542.5662479935
2020-07-17,27596.2107793346
2020-07-18,27660.5171867677
2020-07-19,27735.8342799688
2020-07-20,27822.4166231174
2020-07-21,27920.44020641
2020-07-22,28030.0164014218
2020-07-23,28151.2040842647
2020-07-24,28284.0199782069
2020-07-25,28428.4473573337
2020-07-26,28584.4432890726
2020-07-27,28751.9445952116
2020-07-28,28930.8726925587
2020-07-29,29121.1374454983
2020-07-30,29322.6401298876
2020-07-31,29535.2755751506
2020-08-01,29758.9335215967
2020-08-02,29993.4992044615
2020-08-03,30238.8531558991
2020-08-04,30494.8702017928
2020-08-05,30761.4176223051
2020-08-06,31038.3524439558
2020-08-07,31325.5178370576
2020-08-08,31622.7386057645
2020-08-09,31929.8157788507
2020-08-10,32246.5203373921
2020-08-11,32572.5861501599
2020-08-12,32907.7022276821
2020-08-13,33251.5044499594
2020-08-14,33603.5669685744
2020-08-15,33963.3935286714
2020-08-16,34330.4089968728
2020-08-17,34703.9514141767
2020-08-18,35083.2649147978
2020-08-19,35467.4938595451
2020-08-20,35855.6785230946
2020-08-21,36246.7526467365
2020-08-22,36639.5431214396
2020-08-23,37032.7720013813
2020-08-24,37425.0609679917
2020-08-25,37814.9382729751
2020-08-26,38200.848090882
2020-08-27,38581.1621134955
2020-08-28,38954.1931257877
2020-08-29,39318.2102223898
2020-08-30,39671.4552594777
2020-08-31,40012.1600934777
2020-09-01,40338.564137215
2020-09-02,40648.9317664631
2020-09-03,40941.5691340184
2020-09-04,41214.8399916382
2020-09-05,41467.1801785518
2020-09-06,41697.1105041735
2020-09-07,41903.247827291
2020-09-08,42084.3142097133
2020-09-09,42239.1440950439
2020-09-10,42366.6895295363
2020-09-11,42466.0234994979
2020-09-12,42536.3415069309
2020-09-13,42576.9615414682
2020-09-14,42587.3226323176
2020-09-15,42566.9821796574
2020-09-16,42515.6122718885
2020-09-17,42432.9951947844
2020-09-18,42319.0183323891
2020-09-19,42173.6686489938
2020-09-20,41997.0269280109
2020-09-21,41789.2619282331
2020-09-22,41550.6246017595
2020-09-23,41281.4425014819
2020-09-24,40982.1144899618
2020-09-25,40653.1058460438
2020-09-26,40294.9438507747
2020-09-27,39908.2139200656
2020-09-28,39493.5563379334
2020-09-29,39051.6636308366
2020-09-30,38583.2786103551
2020-10-01,38089.1930979687
2020-10-02,37570.2473317482
2020-10-03,37027.3300401678
2020-10-04,36461.3791528955
2020-10-05,35873.383102267
2020-10-06,35264.382652324
2020-10-07,34635.4731749765
2020-10-08,33987.8072754219
2020-10-09,33322.5976518546
2020-10-10,32641.1200583808
2020-10-11,31944.7162255485
2020-10-12,31234.7965808564
2020-10-13,30512.8426027567
2020-10-14,29780.4086368664
2020-10-15,29039.1230030137
2020-10-16,28290.6882270018
2020-10-17,27536.8802419461
2020-10-18,26779.5464209112
2020-10-19,26020.60232519
2020-10-20,25262.0270805251
2020-10-21,24505.8573260873
2020-10-22,23754.1797170831
2020-10-23,23009.1220001101
2020-10-24,22272.8427193564
2020-10-25,21547.5196497986
2020-10-26,20835.3370890815
2020-10-27,20138.4721712208
2020-10-28,19459.080391276
2020-10-29,18799.2805496441
2020-10-30,18161.1393368393
2020-10-31,17546.6557842249
2020-11-01,16957.7458031385
2020-11-02,16396.2270246531
2020-11-03,15863.8041355635
2020-11-04,15362.0548841396
2020-11-05,14892.4169029441
2020-11-06,14456.1754669421
2020-11-07,14054.4522745803
2020-11-08,13688.1953088208
2020-11-09,13358.1698054415
2020-11-10,13064.9503283161
2020-11-11,12808.913926634
2020-11-12,12590.2343277307
2020-11-13,12408.8771016938
2020-11-14,12264.5957203641
2020-11-15,12156.9284236932
2020-11-16,12085.1958004639
2020-11-17,12048.4989877902
2020-11-18,12045.7183941931
2020-11-19,12075.5128539201
2020-11-20,12136.3191250795
2020-11-21,12226.351650598
2020-11-22,12343.6025085496
2020-11-23,12485.8414866304
2020-11-24,12650.6162241054
2020-11-25,12835.2523731259
2020-11-26,13036.8537396909
2020-11-27,13252.3023724488
2020-11-28,13478.2585749524
2020-11-29,13711.1608237145
2020-11-30,13947.2255804651
2020-12-01,14182.4469923323
